<?xml version='1.0' encoding='utf-8'?>
<gpx version="1.1" creator="RoutePilot" xmlns="http://www.topografix.com/GPX/1/1"><metadata><name>Sample park run — direct segments</name></metadata><wpt lat="37.76945000" lon="-122.49050000"><time>2026-09-14T05:31:31.901Z</time></wpt><wpt lat="37.76946228" lon="-122.49047248"><time>2026-09-14T05:31:32.901Z</time></wpt><wpt lat="37.76947456" lon="-122.49044496"><time>2026-09-14T05:31:33.901Z</time></wpt><wpt lat="37.76948684" lon="-122.49041744"><time>2026-09-14T05:31:34.901Z</time></wpt><wpt lat="37.76949912" lon="-122.49038992"><time>2026-09-14T05:31:35.901Z</time></wpt><wpt lat="37.76951140" lon="-122.49036239"><time>2026-09-14T05:31:36.901Z</time></wpt><wpt lat="37.76952368" lon="-122.49033487"><time>2026-09-14T05:31:37.901Z</time></wpt><wpt lat="37.76953595" lon="-122.49030735"><time>2026-09-14T05:31:38.901Z</time></wpt><wpt lat="37.76954823" lon="-122.49027983"><time>2026-09-14T05:31:39.901Z</time></wpt><wpt lat="37.76956051" lon="-122.49025231"><time>2026-09-14T05:31:40.901Z</time></wpt><wpt lat="37.76957279" lon="-122.49022479"><time>2026-09-14T05:31:41.901Z</time></wpt><wpt lat="37.76958507" lon="-122.49019727"><time>2026-09-14T05:31:42.901Z</time></wpt><wpt lat="37.76959735" lon="-122.49016975"><time>2026-09-14T05:31:43.901Z</time></wpt><wpt lat="37.76960963" lon="-122.49014223"><time>2026-09-14T05:31:44.901Z</time></wpt><wpt lat="37.76962191" lon="-122.49011470"><time>2026-09-14T05:31:45.901Z</time></wpt><wpt lat="37.76963419" lon="-122.49008718"><time>2026-09-14T05:31:46.901Z</time></wpt><wpt lat="37.76964647" lon="-122.49005966"><time>2026-09-14T05:31:47.901Z</time></wpt><wpt lat="37.76965875" lon="-122.49003214"><time>2026-09-14T05:31:48.901Z</time></wpt><wpt lat="37.76967103" lon="-122.49000462"><time>2026-09-14T05:31:49.901Z</time></wpt><wpt lat="37.76968330" lon="-122.48997710"><time>2026-09-14T05:31:50.901Z</time></wpt><wpt lat="37.76969558" lon="-122.48994958"><time>2026-09-14T05:31:51.901Z</time></wpt><wpt lat="37.76970786" lon="-122.48992206"><time>2026-09-14T05:31:52.901Z</time></wpt><wpt lat="37.76972014" lon="-122.48989453"><time>2026-09-14T05:31:53.901Z</time></wpt><wpt lat="37.76973242" lon="-122.48986701"><time>2026-09-14T05:31:54.901Z</time></wpt><wpt lat="37.76974470" lon="-122.48983949"><time>2026-09-14T05:31:55.901Z</time></wpt><wpt lat="37.76975698" lon="-122.48981197"><time>2026-09-14T05:31:56.901Z</time></wpt><wpt lat="37.76976926" lon="-122.48978445"><time>2026-09-14T05:31:57.901Z</time></wpt><wpt lat="37.76978154" lon="-122.48975693"><time>2026-09-14T05:31:58.901Z</time></wpt><wpt lat="37.76979382" lon="-122.48972941"><time>2026-09-14T05:31:59.901Z</time></wpt><wpt lat="37.76980610" lon="-122.48970188"><time>2026-09-14T05:32:00.901Z</time></wpt><wpt lat="37.76981837" lon="-122.48967436"><time>2026-09-14T05:32:01.901Z</time></wpt><wpt lat="37.76983065" lon="-122.48964684"><time>2026-09-14T05:32:02.901Z</time></wpt><wpt lat="37.76984293" lon="-122.48961932"><time>2026-09-14T05:32:03.901Z</time></wpt><wpt lat="37.76985521" lon="-122.48959180"><time>2026-09-14T05:32:04.901Z</time></wpt><wpt lat="37.76986749" lon="-122.48956428"><time>2026-09-14T05:32:05.901Z</time></wpt><wpt lat="37.76987977" lon="-122.48953676"><time>2026-09-14T05:32:06.901Z</time></wpt><wpt lat="37.76989205" lon="-122.48950924"><time>2026-09-14T05:32:07.901Z</time></wpt><wpt lat="37.76990433" lon="-122.48948171"><time>2026-09-14T05:32:08.901Z</time></wpt><wpt lat="37.76991661" lon="-122.48945419"><time>2026-09-14T05:32:09.901Z</time></wpt><wpt lat="37.76992889" lon="-122.48942667"><time>2026-09-14T05:32:10.901Z</time></wpt><wpt lat="37.76994117" lon="-122.48939915"><time>2026-09-14T05:32:11.901Z</time></wpt><wpt lat="37.76995344" lon="-122.48937163"><time>2026-09-14T05:32:12.901Z</time></wpt><wpt lat="37.76996572" lon="-122.48934411"><time>2026-09-14T05:32:13.901Z</time></wpt><wpt lat="37.76997800" lon="-122.48931658"><time>2026-09-14T05:32:14.901Z</time></wpt><wpt lat="37.76999028" lon="-122.48928906"><time>2026-09-14T05:32:15.901Z</time></wpt><wpt lat="37.77000256" lon="-122.48926154"><time>2026-09-14T05:32:16.901Z</time></wpt><wpt lat="37.77001484" lon="-122.48923402"><time>2026-09-14T05:32:17.901Z</time></wpt><wpt lat="37.77002712" lon="-122.48920650"><time>2026-09-14T05:32:18.901Z</time></wpt><wpt lat="37.77003940" lon="-122.48917898"><time>2026-09-14T05:32:19.901Z</time></wpt><wpt lat="37.77005168" lon="-122.48915146"><time>2026-09-14T05:32:20.901Z</time></wpt><wpt lat="37.77006395" lon="-122.48912393"><time>2026-09-14T05:32:21.901Z</time></wpt><wpt lat="37.77007623" lon="-122.48909641"><time>2026-09-14T05:32:22.901Z</time></wpt><wpt lat="37.77008851" lon="-122.48906889"><time>2026-09-14T05:32:23.901Z</time></wpt><wpt lat="37.77010079" lon="-122.48904137"><time>2026-09-14T05:32:24.901Z</time></wpt><wpt lat="37.77011307" lon="-122.48901385"><time>2026-09-14T05:32:25.901Z</time></wpt><wpt lat="37.77012535" lon="-122.48898633"><time>2026-09-14T05:32:26.901Z</time></wpt><wpt lat="37.77013763" lon="-122.48895880"><time>2026-09-14T05:32:27.901Z</time></wpt><wpt lat="37.77014991" lon="-122.48893128"><time>2026-09-14T05:32:28.901Z</time></wpt><wpt lat="37.77016219" lon="-122.48890376"><time>2026-09-14T05:32:29.901Z</time></wpt><wpt lat="37.77017446" lon="-122.48887624"><time>2026-09-14T05:32:30.901Z</time></wpt><wpt lat="37.77018674" lon="-122.48884872"><time>2026-09-14T05:32:31.901Z</time></wpt><wpt lat="37.77019902" lon="-122.48882120"><time>2026-09-14T05:32:32.901Z</time></wpt><wpt lat="37.77021130" lon="-122.48879368"><time>2026-09-14T05:32:33.901Z</time></wpt><wpt lat="37.77022358" lon="-122.48876615"><time>2026-09-14T05:32:34.901Z</time></wpt><wpt lat="37.77023586" lon="-122.48873863"><time>2026-09-14T05:32:35.901Z</time></wpt><wpt lat="37.77024814" lon="-122.48871111"><time>2026-09-14T05:32:36.901Z</time></wpt><wpt lat="37.77026042" lon="-122.48868359"><time>2026-09-14T05:32:37.901Z</time></wpt><wpt lat="37.77027270" lon="-122.48865607"><time>2026-09-14T05:32:38.901Z</time></wpt><wpt lat="37.77028497" lon="-122.48862855"><time>2026-09-14T05:32:39.901Z</time></wpt><wpt lat="37.77029725" lon="-122.48860102"><time>2026-09-14T05:32:40.901Z</time></wpt><wpt lat="37.77030953" lon="-122.48857350"><time>2026-09-14T05:32:41.901Z</time></wpt><wpt lat="37.77032181" lon="-122.48854598"><time>2026-09-14T05:32:42.901Z</time></wpt><wpt lat="37.77033409" lon="-122.48851846"><time>2026-09-14T05:32:43.901Z</time></wpt><wpt lat="37.77034637" lon="-122.48849094"><time>2026-09-14T05:32:44.901Z</time></wpt><wpt lat="37.77035865" lon="-122.48846341"><time>2026-09-14T05:32:45.901Z</time></wpt><wpt lat="37.77037093" lon="-122.48843589"><time>2026-09-14T05:32:46.901Z</time></wpt><wpt lat="37.77038321" lon="-122.48840837"><time>2026-09-14T05:32:47.901Z</time></wpt><wpt lat="37.77039548" lon="-122.48838085"><time>2026-09-14T05:32:48.901Z</time></wpt><wpt lat="37.77040776" lon="-122.48835333"><time>2026-09-14T05:32:49.901Z</time></wpt><wpt lat="37.77042004" lon="-122.48832581"><time>2026-09-14T05:32:50.901Z</time></wpt><wpt lat="37.77043232" lon="-122.48829828"><time>2026-09-14T05:32:51.901Z</time></wpt><wpt lat="37.77044460" lon="-122.48827076"><time>2026-09-14T05:32:52.901Z</time></wpt><wpt lat="37.77045688" lon="-122.48824324"><time>2026-09-14T05:32:53.901Z</time></wpt><wpt lat="37.77046916" lon="-122.48821572"><time>2026-09-14T05:32:54.901Z</time></wpt><wpt lat="37.77048143" lon="-122.48818820"><time>2026-09-14T05:32:55.901Z</time></wpt><wpt lat="37.77049371" lon="-122.48816067"><time>2026-09-14T05:32:56.901Z</time></wpt><wpt lat="37.77050599" lon="-122.48813315"><time>2026-09-14T05:32:57.901Z</time></wpt><wpt lat="37.77051827" lon="-122.48810563"><time>2026-09-14T05:32:58.901Z</time></wpt><wpt lat="37.77053055" lon="-122.48807811"><time>2026-09-14T05:32:59.901Z</time></wpt><wpt lat="37.77054283" lon="-122.48805059"><time>2026-09-14T05:33:00.901Z</time></wpt><wpt lat="37.77055511" lon="-122.48802307"><time>2026-09-14T05:33:01.901Z</time></wpt><wpt lat="37.77056739" lon="-122.48799554"><time>2026-09-14T05:33:02.901Z</time></wpt><wpt lat="37.77057966" lon="-122.48796802"><time>2026-09-14T05:33:03.901Z</time></wpt><wpt lat="37.77059194" lon="-122.48794050"><time>2026-09-14T05:33:04.901Z</time></wpt><wpt lat="37.77060422" lon="-122.48791298"><time>2026-09-14T05:33:05.901Z</time></wpt><wpt lat="37.77061650" lon="-122.48788546"><time>2026-09-14T05:33:06.901Z</time></wpt><wpt lat="37.77062878" lon="-122.48785793"><time>2026-09-14T05:33:07.901Z</time></wpt><wpt lat="37.77064106" lon="-122.48783041"><time>2026-09-14T05:33:08.901Z</time></wpt><wpt lat="37.77065334" lon="-122.48780289"><time>2026-09-14T05:33:09.901Z</time></wpt><wpt lat="37.77066562" lon="-122.48777537"><time>2026-09-14T05:33:10.901Z</time></wpt><wpt lat="37.77067789" lon="-122.48774785"><time>2026-09-14T05:33:11.901Z</time></wpt><wpt lat="37.77069017" lon="-122.48772032"><time>2026-09-14T05:33:12.901Z</time></wpt><wpt lat="37.77070245" lon="-122.48769280"><time>2026-09-14T05:33:13.901Z</time></wpt><wpt lat="37.77071473" lon="-122.48766528"><time>2026-09-14T05:33:14.901Z</time></wpt><wpt lat="37.77072701" lon="-122.48763776"><time>2026-09-14T05:33:15.901Z</time></wpt><wpt lat="37.77073929" lon="-122.48761024"><time>2026-09-14T05:33:16.901Z</time></wpt><wpt lat="37.77075157" lon="-122.48758271"><time>2026-09-14T05:33:17.901Z</time></wpt><wpt lat="37.77076384" lon="-122.48755519"><time>2026-09-14T05:33:18.901Z</time></wpt><wpt lat="37.77077612" lon="-122.48752767"><time>2026-09-14T05:33:19.901Z</time></wpt><wpt lat="37.77078840" lon="-122.48750015"><time>2026-09-14T05:33:20.901Z</time></wpt><wpt lat="37.77080068" lon="-122.48747263"><time>2026-09-14T05:33:21.901Z</time></wpt><wpt lat="37.77081296" lon="-122.48744510"><time>2026-09-14T05:33:22.901Z</time></wpt><wpt lat="37.77082524" lon="-122.48741758"><time>2026-09-14T05:33:23.901Z</time></wpt><wpt lat="37.77083752" lon="-122.48739006"><time>2026-09-14T05:33:24.901Z</time></wpt><wpt lat="37.77084979" lon="-122.48736254"><time>2026-09-14T05:33:25.901Z</time></wpt><wpt lat="37.77086207" lon="-122.48733501"><time>2026-09-14T05:33:26.901Z</time></wpt><wpt lat="37.77087435" lon="-122.48730749"><time>2026-09-14T05:33:27.901Z</time></wpt><wpt lat="37.77088663" lon="-122.48727997"><time>2026-09-14T05:33:28.901Z</time></wpt><wpt lat="37.77089891" lon="-122.48725245"><time>2026-09-14T05:33:29.901Z</time></wpt><wpt lat="37.77090000" lon="-122.48725000"><time>2026-09-14T05:33:29.990Z</time></wpt><wpt lat="37.77090468" lon="-122.48722182"><time>2026-09-14T05:33:30.901Z</time></wpt><wpt lat="37.77090981" lon="-122.48719090"><time>2026-09-14T05:33:31.901Z</time></wpt><wpt lat="37.77091495" lon="-122.48715997"><time>2026-09-14T05:33:32.901Z</time></wpt><wpt lat="37.77092008" lon="-122.48712904"><time>2026-09-14T05:33:33.901Z</time></wpt><wpt lat="37.77092522" lon="-122.48709811"><time>2026-09-14T05:33:34.901Z</time></wpt><wpt lat="37.77093035" lon="-122.48706718"><time>2026-09-14T05:33:35.901Z</time></wpt><wpt lat="37.77093549" lon="-122.48703625"><time>2026-09-14T05:33:36.901Z</time></wpt><wpt lat="37.77094063" lon="-122.48700533"><time>2026-09-14T05:33:37.901Z</time></wpt><wpt lat="37.77094576" lon="-122.48697440"><time>2026-09-14T05:33:38.901Z</time></wpt><wpt lat="37.77095090" lon="-122.48694347"><time>2026-09-14T05:33:39.901Z</time></wpt><wpt lat="37.77095603" lon="-122.48691254"><time>2026-09-14T05:33:40.901Z</time></wpt><wpt lat="37.77096117" lon="-122.48688161"><time>2026-09-14T05:33:41.901Z</time></wpt><wpt lat="37.77096630" lon="-122.48685069"><time>2026-09-14T05:33:42.901Z</time></wpt><wpt lat="37.77097144" lon="-122.48681976"><time>2026-09-14T05:33:43.901Z</time></wpt><wpt lat="37.77097657" lon="-122.48678883"><time>2026-09-14T05:33:44.901Z</time></wpt><wpt lat="37.77098171" lon="-122.48675790"><time>2026-09-14T05:33:45.901Z</time></wpt><wpt lat="37.77098684" lon="-122.48672697"><time>2026-09-14T05:33:46.901Z</time></wpt><wpt lat="37.77099198" lon="-122.48669605"><time>2026-09-14T05:33:47.901Z</time></wpt><wpt lat="37.77099711" lon="-122.48666512"><time>2026-09-14T05:33:48.901Z</time></wpt><wpt lat="37.77100225" lon="-122.48663419"><time>2026-09-14T05:33:49.901Z</time></wpt><wpt lat="37.77100738" lon="-122.48660326"><time>2026-09-14T05:33:50.901Z</time></wpt><wpt lat="37.77101252" lon="-122.48657233"><time>2026-09-14T05:33:51.901Z</time></wpt><wpt lat="37.77101765" lon="-122.48654140"><time>2026-09-14T05:33:52.901Z</time></wpt><wpt lat="37.77102279" lon="-122.48651048"><time>2026-09-14T05:33:53.901Z</time></wpt><wpt lat="37.77102792" lon="-122.48647955"><time>2026-09-14T05:33:54.901Z</time></wpt><wpt lat="37.77103306" lon="-122.48644862"><time>2026-09-14T05:33:55.901Z</time></wpt><wpt lat="37.77103819" lon="-122.48641769"><time>2026-09-14T05:33:56.901Z</time></wpt><wpt lat="37.77104333" lon="-122.48638676"><time>2026-09-14T05:33:57.901Z</time></wpt><wpt lat="37.77104846" lon="-122.48635584"><time>2026-09-14T05:33:58.901Z</time></wpt><wpt lat="37.77105360" lon="-122.48632491"><time>2026-09-14T05:33:59.901Z</time></wpt><wpt lat="37.77105873" lon="-122.48629398"><time>2026-09-14T05:34:00.901Z</time></wpt><wpt lat="37.77106387" lon="-122.48626305"><time>2026-09-14T05:34:01.901Z</time></wpt><wpt lat="37.77106900" lon="-122.48623212"><time>2026-09-14T05:34:02.901Z</time></wpt><wpt lat="37.77107414" lon="-122.48620119"><time>2026-09-14T05:34:03.901Z</time></wpt><wpt lat="37.77107927" lon="-122.48617027"><time>2026-09-14T05:34:04.901Z</time></wpt><wpt lat="37.77108441" lon="-122.48613934"><time>2026-09-14T05:34:05.901Z</time></wpt><wpt lat="37.77108954" lon="-122.48610841"><time>2026-09-14T05:34:06.901Z</time></wpt><wpt lat="37.77109468" lon="-122.48607748"><time>2026-09-14T05:34:07.901Z</time></wpt><wpt lat="37.77109981" lon="-122.48604655"><time>2026-09-14T05:34:08.901Z</time></wpt><wpt lat="37.77110495" lon="-122.48601562"><time>2026-09-14T05:34:09.901Z</time></wpt><wpt lat="37.77111008" lon="-122.48598470"><time>2026-09-14T05:34:10.901Z</time></wpt><wpt lat="37.77111522" lon="-122.48595377"><time>2026-09-14T05:34:11.901Z</time></wpt><wpt lat="37.77112035" lon="-122.48592284"><time>2026-09-14T05:34:12.901Z</time></wpt><wpt lat="37.77112549" lon="-122.48589191"><time>2026-09-14T05:34:13.901Z</time></wpt><wpt lat="37.77113062" lon="-122.48586098"><time>2026-09-14T05:34:14.901Z</time></wpt><wpt lat="37.77113576" lon="-122.48583005"><time>2026-09-14T05:34:15.901Z</time></wpt><wpt lat="37.77114089" lon="-122.48579913"><time>2026-09-14T05:34:16.901Z</time></wpt><wpt lat="37.77114603" lon="-122.48576820"><time>2026-09-14T05:34:17.901Z</time></wpt><wpt lat="37.77115116" lon="-122.48573727"><time>2026-09-14T05:34:18.901Z</time></wpt><wpt lat="37.77115630" lon="-122.48570634"><time>2026-09-14T05:34:19.901Z</time></wpt><wpt lat="37.77116143" lon="-122.48567541"><time>2026-09-14T05:34:20.901Z</time></wpt><wpt lat="37.77116657" lon="-122.48564449"><time>2026-09-14T05:34:21.901Z</time></wpt><wpt lat="37.77117170" lon="-122.48561356"><time>2026-09-14T05:34:22.901Z</time></wpt><wpt lat="37.77117684" lon="-122.48558263"><time>2026-09-14T05:34:23.901Z</time></wpt><wpt lat="37.77118197" lon="-122.48555170"><time>2026-09-14T05:34:24.901Z</time></wpt><wpt lat="37.77118711" lon="-122.48552077"><time>2026-09-14T05:34:25.901Z</time></wpt><wpt lat="37.77119224" lon="-122.48548984"><time>2026-09-14T05:34:26.901Z</time></wpt><wpt lat="37.77119738" lon="-122.48545892"><time>2026-09-14T05:34:27.901Z</time></wpt><wpt lat="37.77120251" lon="-122.48542799"><time>2026-09-14T05:34:28.901Z</time></wpt><wpt lat="37.77120765" lon="-122.48539706"><time>2026-09-14T05:34:29.901Z</time></wpt><wpt lat="37.77121278" lon="-122.48536613"><time>2026-09-14T05:34:30.901Z</time></wpt><wpt lat="37.77121791" lon="-122.48533520"><time>2026-09-14T05:34:31.901Z</time></wpt><wpt lat="37.77122305" lon="-122.48530427"><time>2026-09-14T05:34:32.901Z</time></wpt><wpt lat="37.77122818" lon="-122.48527335"><time>2026-09-14T05:34:33.901Z</time></wpt><wpt lat="37.77123332" lon="-122.48524242"><time>2026-09-14T05:34:34.901Z</time></wpt><wpt lat="37.77123845" lon="-122.48521149"><time>2026-09-14T05:34:35.901Z</time></wpt><wpt lat="37.77124359" lon="-122.48518056"><time>2026-09-14T05:34:36.901Z</time></wpt><wpt lat="37.77124872" lon="-122.48514963"><time>2026-09-14T05:34:37.901Z</time></wpt><wpt lat="37.77125386" lon="-122.48511870"><time>2026-09-14T05:34:38.901Z</time></wpt><wpt lat="37.77125899" lon="-122.48508777"><time>2026-09-14T05:34:39.901Z</time></wpt><wpt lat="37.77126413" lon="-122.48505685"><time>2026-09-14T05:34:40.901Z</time></wpt><wpt lat="37.77126926" lon="-122.48502592"><time>2026-09-14T05:34:41.901Z</time></wpt><wpt lat="37.77127440" lon="-122.48499499"><time>2026-09-14T05:34:42.901Z</time></wpt><wpt lat="37.77127953" lon="-122.48496406"><time>2026-09-14T05:34:43.901Z</time></wpt><wpt lat="37.77128467" lon="-122.48493313"><time>2026-09-14T05:34:44.901Z</time></wpt><wpt lat="37.77128980" lon="-122.48490220"><time>2026-09-14T05:34:45.901Z</time></wpt><wpt lat="37.77129494" lon="-122.48487128"><time>2026-09-14T05:34:46.901Z</time></wpt><wpt lat="37.77130007" lon="-122.48484035"><time>2026-09-14T05:34:47.901Z</time></wpt><wpt lat="37.77130520" lon="-122.48480942"><time>2026-09-14T05:34:48.901Z</time></wpt><wpt lat="37.77131034" lon="-122.48477849"><time>2026-09-14T05:34:49.901Z</time></wpt><wpt lat="37.77131547" lon="-122.48474756"><time>2026-09-14T05:34:50.901Z</time></wpt><wpt lat="37.77132061" lon="-122.48471663"><time>2026-09-14T05:34:51.901Z</time></wpt><wpt lat="37.77132574" lon="-122.48468571"><time>2026-09-14T05:34:52.901Z</time></wpt><wpt lat="37.77133088" lon="-122.48465478"><time>2026-09-14T05:34:53.901Z</time></wpt><wpt lat="37.77133601" lon="-122.48462385"><time>2026-09-14T05:34:54.901Z</time></wpt><wpt lat="37.77134115" lon="-122.48459292"><time>2026-09-14T05:34:55.901Z</time></wpt><wpt lat="37.77134628" lon="-122.48456199"><time>2026-09-14T05:34:56.901Z</time></wpt><wpt lat="37.77135142" lon="-122.48453106"><time>2026-09-14T05:34:57.901Z</time></wpt><wpt lat="37.77135655" lon="-122.48450013"><time>2026-09-14T05:34:58.901Z</time></wpt><wpt lat="37.77136169" lon="-122.48446921"><time>2026-09-14T05:34:59.901Z</time></wpt><wpt lat="37.77136682" lon="-122.48443828"><time>2026-09-14T05:35:00.901Z</time></wpt><wpt lat="37.77137195" lon="-122.48440735"><time>2026-09-14T05:35:01.901Z</time></wpt><wpt lat="37.77137709" lon="-122.48437642"><time>2026-09-14T05:35:02.901Z</time></wpt><wpt lat="37.77138222" lon="-122.48434549"><time>2026-09-14T05:35:03.901Z</time></wpt><wpt lat="37.77138736" lon="-122.48431456"><time>2026-09-14T05:35:04.901Z</time></wpt><wpt lat="37.77139249" lon="-122.48428364"><time>2026-09-14T05:35:05.901Z</time></wpt><wpt lat="37.77139763" lon="-122.48425271"><time>2026-09-14T05:35:06.901Z</time></wpt><wpt lat="37.77140276" lon="-122.48422178"><time>2026-09-14T05:35:07.901Z</time></wpt><wpt lat="37.77140790" lon="-122.48419085"><time>2026-09-14T05:35:08.901Z</time></wpt><wpt lat="37.77141303" lon="-122.48415992"><time>2026-09-14T05:35:09.901Z</time></wpt><wpt lat="37.77141816" lon="-122.48412899"><time>2026-09-14T05:35:10.901Z</time></wpt><wpt lat="37.77142330" lon="-122.48409806"><time>2026-09-14T05:35:11.901Z</time></wpt><wpt lat="37.77142843" lon="-122.48406714"><time>2026-09-14T05:35:12.901Z</time></wpt><wpt lat="37.77143357" lon="-122.48403621"><time>2026-09-14T05:35:13.901Z</time></wpt><wpt lat="37.77143870" lon="-122.48400528"><time>2026-09-14T05:35:14.901Z</time></wpt><wpt lat="37.77144384" lon="-122.48397435"><time>2026-09-14T05:35:15.901Z</time></wpt><wpt lat="37.77144897" lon="-122.48394342"><time>2026-09-14T05:35:16.901Z</time></wpt><wpt lat="37.77145411" lon="-122.48391249"><time>2026-09-14T05:35:17.901Z</time></wpt><wpt lat="37.77145924" lon="-122.48388156"><time>2026-09-14T05:35:18.901Z</time></wpt><wpt lat="37.77146437" lon="-122.48385064"><time>2026-09-14T05:35:19.901Z</time></wpt><wpt lat="37.77146951" lon="-122.48381971"><time>2026-09-14T05:35:20.901Z</time></wpt><wpt lat="37.77147464" lon="-122.48378878"><time>2026-09-14T05:35:21.901Z</time></wpt><wpt lat="37.77147978" lon="-122.48375785"><time>2026-09-14T05:35:22.901Z</time></wpt><wpt lat="37.77148491" lon="-122.48372692"><time>2026-09-14T05:35:23.901Z</time></wpt><wpt lat="37.77149005" lon="-122.48369599"><time>2026-09-14T05:35:24.901Z</time></wpt><wpt lat="37.77149518" lon="-122.48366506"><time>2026-09-14T05:35:25.901Z</time></wpt><wpt lat="37.77150031" lon="-122.48363414"><time>2026-09-14T05:35:26.901Z</time></wpt><wpt lat="37.77150545" lon="-122.48360321"><time>2026-09-14T05:35:27.901Z</time></wpt><wpt lat="37.77151058" lon="-122.48357228"><time>2026-09-14T05:35:28.901Z</time></wpt><wpt lat="37.77151572" lon="-122.48354135"><time>2026-09-14T05:35:29.901Z</time></wpt><wpt lat="37.77152085" lon="-122.48351042"><time>2026-09-14T05:35:30.901Z</time></wpt><wpt lat="37.77152599" lon="-122.48347949"><time>2026-09-14T05:35:31.901Z</time></wpt><wpt lat="37.77153112" lon="-122.48344856"><time>2026-09-14T05:35:32.901Z</time></wpt><wpt lat="37.77153625" lon="-122.48341764"><time>2026-09-14T05:35:33.901Z</time></wpt><wpt lat="37.77154139" lon="-122.48338671"><time>2026-09-14T05:35:34.901Z</time></wpt><wpt lat="37.77154652" lon="-122.48335578"><time>2026-09-14T05:35:35.901Z</time></wpt><wpt lat="37.77155166" lon="-122.48332485"><time>2026-09-14T05:35:36.901Z</time></wpt><wpt lat="37.77155679" lon="-122.48329392"><time>2026-09-14T05:35:37.901Z</time></wpt><wpt lat="37.77156193" lon="-122.48326299"><time>2026-09-14T05:35:38.901Z</time></wpt><wpt lat="37.77156706" lon="-122.48323206"><time>2026-09-14T05:35:39.901Z</time></wpt><wpt lat="37.77157219" lon="-122.48320114"><time>2026-09-14T05:35:40.901Z</time></wpt><wpt lat="37.77157733" lon="-122.48317021"><time>2026-09-14T05:35:41.901Z</time></wpt><wpt lat="37.77158246" lon="-122.48313928"><time>2026-09-14T05:35:42.901Z</time></wpt><wpt lat="37.77158760" lon="-122.48310835"><time>2026-09-14T05:35:43.901Z</time></wpt><wpt lat="37.77159273" lon="-122.48307742"><time>2026-09-14T05:35:44.901Z</time></wpt><wpt lat="37.77159787" lon="-122.48304649"><time>2026-09-14T05:35:45.901Z</time></wpt><wpt lat="37.77160300" lon="-122.48301556"><time>2026-09-14T05:35:46.901Z</time></wpt><wpt lat="37.77160813" lon="-122.48298463"><time>2026-09-14T05:35:47.901Z</time></wpt><wpt lat="37.77161327" lon="-122.48295371"><time>2026-09-14T05:35:48.901Z</time></wpt><wpt lat="37.77161840" lon="-122.48292278"><time>2026-09-14T05:35:49.901Z</time></wpt><wpt lat="37.77162354" lon="-122.48289185"><time>2026-09-14T05:35:50.901Z</time></wpt><wpt lat="37.77162867" lon="-122.48286092"><time>2026-09-14T05:35:51.901Z</time></wpt><wpt lat="37.77163380" lon="-122.48282999"><time>2026-09-14T05:35:52.901Z</time></wpt><wpt lat="37.77163894" lon="-122.48279906"><time>2026-09-14T05:35:53.901Z</time></wpt><wpt lat="37.77164407" lon="-122.48276813"><time>2026-09-14T05:35:54.901Z</time></wpt><wpt lat="37.77164921" lon="-122.48273721"><time>2026-09-14T05:35:55.901Z</time></wpt><wpt lat="37.77165434" lon="-122.48270628"><time>2026-09-14T05:35:56.901Z</time></wpt><wpt lat="37.77165948" lon="-122.48267535"><time>2026-09-14T05:35:57.901Z</time></wpt><wpt lat="37.77166461" lon="-122.48264442"><time>2026-09-14T05:35:58.901Z</time></wpt><wpt lat="37.77166974" lon="-122.48261349"><time>2026-09-14T05:35:59.901Z</time></wpt><wpt lat="37.77167488" lon="-122.48258256"><time>2026-09-14T05:36:00.901Z</time></wpt><wpt lat="37.77168001" lon="-122.48255163"><time>2026-09-14T05:36:01.901Z</time></wpt><wpt lat="37.77168515" lon="-122.48252070"><time>2026-09-14T05:36:02.901Z</time></wpt><wpt lat="37.77169028" lon="-122.48248978"><time>2026-09-14T05:36:03.901Z</time></wpt><wpt lat="37.77169541" lon="-122.48245885"><time>2026-09-14T05:36:04.901Z</time></wpt><wpt lat="37.77170055" lon="-122.48242792"><time>2026-09-14T05:36:05.901Z</time></wpt><wpt lat="37.77170568" lon="-122.48239699"><time>2026-09-14T05:36:06.901Z</time></wpt><wpt lat="37.77171082" lon="-122.48236606"><time>2026-09-14T05:36:07.901Z</time></wpt><wpt lat="37.77171595" lon="-122.48233513"><time>2026-09-14T05:36:08.901Z</time></wpt><wpt lat="37.77172108" lon="-122.48230420"><time>2026-09-14T05:36:09.901Z</time></wpt><wpt lat="37.77172622" lon="-122.48227327"><time>2026-09-14T05:36:10.901Z</time></wpt><wpt lat="37.77173135" lon="-122.48224235"><time>2026-09-14T05:36:11.901Z</time></wpt><wpt lat="37.77173649" lon="-122.48221142"><time>2026-09-14T05:36:12.901Z</time></wpt><wpt lat="37.77174162" lon="-122.48218049"><time>2026-09-14T05:36:13.901Z</time></wpt><wpt lat="37.77174675" lon="-122.48214956"><time>2026-09-14T05:36:14.901Z</time></wpt><wpt lat="37.77175000" lon="-122.48213000"><time>2026-09-14T05:36:15.533Z</time></wpt><wpt lat="37.77174561" lon="-122.48211979"><time>2026-09-14T05:36:15.901Z</time></wpt><wpt lat="37.77173368" lon="-122.48209203"><time>2026-09-14T05:36:16.901Z</time></wpt><wpt lat="37.77172174" lon="-122.48206427"><time>2026-09-14T05:36:17.901Z</time></wpt><wpt lat="37.77170981" lon="-122.48203650"><time>2026-09-14T05:36:18.901Z</time></wpt><wpt lat="37.77169788" lon="-122.48200874"><time>2026-09-14T05:36:19.901Z</time></wpt><wpt lat="37.77168594" lon="-122.48198098"><time>2026-09-14T05:36:20.901Z</time></wpt><wpt lat="37.77167401" lon="-122.48195321"><time>2026-09-14T05:36:21.901Z</time></wpt><wpt lat="37.77166207" lon="-122.48192545"><time>2026-09-14T05:36:22.901Z</time></wpt><wpt lat="37.77165014" lon="-122.48189768"><time>2026-09-14T05:36:23.901Z</time></wpt><wpt lat="37.77163820" lon="-122.48186992"><time>2026-09-14T05:36:24.901Z</time></wpt><wpt lat="37.77162627" lon="-122.48184216"><time>2026-09-14T05:36:25.901Z</time></wpt><wpt lat="37.77161433" lon="-122.48181439"><time>2026-09-14T05:36:26.901Z</time></wpt><wpt lat="37.77160240" lon="-122.48178663"><time>2026-09-14T05:36:27.901Z</time></wpt><wpt lat="37.77159047" lon="-122.48175887"><time>2026-09-14T05:36:28.901Z</time></wpt><wpt lat="37.77157853" lon="-122.48173110"><time>2026-09-14T05:36:29.901Z</time></wpt><wpt lat="37.77156660" lon="-122.48170334"><time>2026-09-14T05:36:30.901Z</time></wpt><wpt lat="37.77155466" lon="-122.48167558"><time>2026-09-14T05:36:31.901Z</time></wpt><wpt lat="37.77154273" lon="-122.48164781"><time>2026-09-14T05:36:32.901Z</time></wpt><wpt lat="37.77153079" lon="-122.48162005"><time>2026-09-14T05:36:33.901Z</time></wpt><wpt lat="37.77151886" lon="-122.48159229"><time>2026-09-14T05:36:34.901Z</time></wpt><wpt lat="37.77150692" lon="-122.48156452"><time>2026-09-14T05:36:35.901Z</time></wpt><wpt lat="37.77149499" lon="-122.48153676"><time>2026-09-14T05:36:36.901Z</time></wpt><wpt lat="37.77148305" lon="-122.48150900"><time>2026-09-14T05:36:37.901Z</time></wpt><wpt lat="37.77147112" lon="-122.48148123"><time>2026-09-14T05:36:38.901Z</time></wpt><wpt lat="37.77145919" lon="-122.48145347"><time>2026-09-14T05:36:39.901Z</time></wpt><wpt lat="37.77144725" lon="-122.48142570"><time>2026-09-14T05:36:40.901Z</time></wpt><wpt lat="37.77143532" lon="-122.48139794"><time>2026-09-14T05:36:41.901Z</time></wpt><wpt lat="37.77142338" lon="-122.48137018"><time>2026-09-14T05:36:42.901Z</time></wpt><wpt lat="37.77141145" lon="-122.48134241"><time>2026-09-14T05:36:43.901Z</time></wpt><wpt lat="37.77139951" lon="-122.48131465"><time>2026-09-14T05:36:44.901Z</time></wpt><wpt lat="37.77138758" lon="-122.48128689"><time>2026-09-14T05:36:45.901Z</time></wpt><wpt lat="37.77137564" lon="-122.48125912"><time>2026-09-14T05:36:46.901Z</time></wpt><wpt lat="37.77136371" lon="-122.48123136"><time>2026-09-14T05:36:47.901Z</time></wpt><wpt lat="37.77135177" lon="-122.48120360"><time>2026-09-14T05:36:48.901Z</time></wpt><wpt lat="37.77133984" lon="-122.48117583"><time>2026-09-14T05:36:49.901Z</time></wpt><wpt lat="37.77132791" lon="-122.48114807"><time>2026-09-14T05:36:50.901Z</time></wpt><wpt lat="37.77131597" lon="-122.48112031"><time>2026-09-14T05:36:51.901Z</time></wpt><wpt lat="37.77130404" lon="-122.48109254"><time>2026-09-14T05:36:52.901Z</time></wpt><wpt lat="37.77129210" lon="-122.48106478"><time>2026-09-14T05:36:53.901Z</time></wpt><wpt lat="37.77128017" lon="-122.48103702"><time>2026-09-14T05:36:54.901Z</time></wpt><wpt lat="37.77126823" lon="-122.48100925"><time>2026-09-14T05:36:55.901Z</time></wpt><wpt lat="37.77125630" lon="-122.48098149"><time>2026-09-14T05:36:56.901Z</time></wpt><wpt lat="37.77124436" lon="-122.48095373"><time>2026-09-14T05:36:57.901Z</time></wpt><wpt lat="37.77123243" lon="-122.48092596"><time>2026-09-14T05:36:58.901Z</time></wpt><wpt lat="37.77122049" lon="-122.48089820"><time>2026-09-14T05:36:59.901Z</time></wpt><wpt lat="37.77120856" lon="-122.48087044"><time>2026-09-14T05:37:00.901Z</time></wpt><wpt lat="37.77119662" lon="-122.48084267"><time>2026-09-14T05:37:01.901Z</time></wpt><wpt lat="37.77118469" lon="-122.48081491"><time>2026-09-14T05:37:02.901Z</time></wpt><wpt lat="37.77117275" lon="-122.48078715"><time>2026-09-14T05:37:03.901Z</time></wpt><wpt lat="37.77116082" lon="-122.48075938"><time>2026-09-14T05:37:04.901Z</time></wpt><wpt lat="37.77114889" lon="-122.48073162"><time>2026-09-14T05:37:05.901Z</time></wpt><wpt lat="37.77113695" lon="-122.48070386"><time>2026-09-14T05:37:06.901Z</time></wpt><wpt lat="37.77112502" lon="-122.48067609"><time>2026-09-14T05:37:07.901Z</time></wpt><wpt lat="37.77111308" lon="-122.48064833"><time>2026-09-14T05:37:08.901Z</time></wpt><wpt lat="37.77110115" lon="-122.48062057"><time>2026-09-14T05:37:09.901Z</time></wpt><wpt lat="37.77108921" lon="-122.48059281"><time>2026-09-14T05:37:10.901Z</time></wpt><wpt lat="37.77107728" lon="-122.48056504"><time>2026-09-14T05:37:11.901Z</time></wpt><wpt lat="37.77106534" lon="-122.48053728"><time>2026-09-14T05:37:12.901Z</time></wpt><wpt lat="37.77105341" lon="-122.48050952"><time>2026-09-14T05:37:13.901Z</time></wpt><wpt lat="37.77104147" lon="-122.48048175"><time>2026-09-14T05:37:14.901Z</time></wpt><wpt lat="37.77102954" lon="-122.48045399"><time>2026-09-14T05:37:15.901Z</time></wpt><wpt lat="37.77101760" lon="-122.48042623"><time>2026-09-14T05:37:16.901Z</time></wpt><wpt lat="37.77100567" lon="-122.48039846"><time>2026-09-14T05:37:17.901Z</time></wpt><wpt lat="37.77099373" lon="-122.48037070"><time>2026-09-14T05:37:18.901Z</time></wpt><wpt lat="37.77098180" lon="-122.48034294"><time>2026-09-14T05:37:19.901Z</time></wpt><wpt lat="37.77096986" lon="-122.48031517"><time>2026-09-14T05:37:20.901Z</time></wpt><wpt lat="37.77095793" lon="-122.48028741"><time>2026-09-14T05:37:21.901Z</time></wpt><wpt lat="37.77094599" lon="-122.48025965"><time>2026-09-14T05:37:22.901Z</time></wpt><wpt lat="37.77093406" lon="-122.48023188"><time>2026-09-14T05:37:23.901Z</time></wpt><wpt lat="37.77092212" lon="-122.48020412"><time>2026-09-14T05:37:24.901Z</time></wpt><wpt lat="37.77091019" lon="-122.48017636"><time>2026-09-14T05:37:25.901Z</time></wpt><wpt lat="37.77089825" lon="-122.48014860"><time>2026-09-14T05:37:26.901Z</time></wpt><wpt lat="37.77088632" lon="-122.48012083"><time>2026-09-14T05:37:27.901Z</time></wpt><wpt lat="37.77087439" lon="-122.48009307"><time>2026-09-14T05:37:28.901Z</time></wpt><wpt lat="37.77086245" lon="-122.48006531"><time>2026-09-14T05:37:29.901Z</time></wpt><wpt lat="37.77085052" lon="-122.48003754"><time>2026-09-14T05:37:30.901Z</time></wpt><wpt lat="37.77083858" lon="-122.48000978"><time>2026-09-14T05:37:31.901Z</time></wpt><wpt lat="37.77082665" lon="-122.47998202"><time>2026-09-14T05:37:32.901Z</time></wpt><wpt lat="37.77081471" lon="-122.47995425"><time>2026-09-14T05:37:33.901Z</time></wpt><wpt lat="37.77080278" lon="-122.47992649"><time>2026-09-14T05:37:34.901Z</time></wpt><wpt lat="37.77079084" lon="-122.47989873"><time>2026-09-14T05:37:35.901Z</time></wpt><wpt lat="37.77077891" lon="-122.47987097"><time>2026-09-14T05:37:36.901Z</time></wpt><wpt lat="37.77076697" lon="-122.47984320"><time>2026-09-14T05:37:37.901Z</time></wpt><wpt lat="37.77075504" lon="-122.47981544"><time>2026-09-14T05:37:38.901Z</time></wpt><wpt lat="37.77074310" lon="-122.47978768"><time>2026-09-14T05:37:39.901Z</time></wpt><wpt lat="37.77073117" lon="-122.47975991"><time>2026-09-14T05:37:40.901Z</time></wpt><wpt lat="37.77071923" lon="-122.47973215"><time>2026-09-14T05:37:41.901Z</time></wpt><wpt lat="37.77070730" lon="-122.47970439"><time>2026-09-14T05:37:42.901Z</time></wpt><wpt lat="37.77069536" lon="-122.47967662"><time>2026-09-14T05:37:43.901Z</time></wpt><wpt lat="37.77068343" lon="-122.47964886"><time>2026-09-14T05:37:44.901Z</time></wpt><wpt lat="37.77067149" lon="-122.47962110"><time>2026-09-14T05:37:45.901Z</time></wpt><wpt lat="37.77065956" lon="-122.47959334"><time>2026-09-14T05:37:46.901Z</time></wpt><wpt lat="37.77064762" lon="-122.47956557"><time>2026-09-14T05:37:47.901Z</time></wpt><wpt lat="37.77063569" lon="-122.47953781"><time>2026-09-14T05:37:48.901Z</time></wpt><wpt lat="37.77062375" lon="-122.47951005"><time>2026-09-14T05:37:49.901Z</time></wpt><wpt lat="37.77061182" lon="-122.47948228"><time>2026-09-14T05:37:50.901Z</time></wpt><wpt lat="37.77059988" lon="-122.47945452"><time>2026-09-14T05:37:51.901Z</time></wpt><wpt lat="37.77058795" lon="-122.47942676"><time>2026-09-14T05:37:52.901Z</time></wpt><wpt lat="37.77057601" lon="-122.47939900"><time>2026-09-14T05:37:53.901Z</time></wpt><wpt lat="37.77056408" lon="-122.47937123"><time>2026-09-14T05:37:54.901Z</time></wpt><wpt lat="37.77055214" lon="-122.47934347"><time>2026-09-14T05:37:55.901Z</time></wpt><wpt lat="37.77054021" lon="-122.47931571"><time>2026-09-14T05:37:56.901Z</time></wpt><wpt lat="37.77052827" lon="-122.47928795"><time>2026-09-14T05:37:57.901Z</time></wpt><wpt lat="37.77051634" lon="-122.47926018"><time>2026-09-14T05:37:58.901Z</time></wpt><wpt lat="37.77050440" lon="-122.47923242"><time>2026-09-14T05:37:59.901Z</time></wpt><wpt lat="37.77049247" lon="-122.47920466"><time>2026-09-14T05:38:00.901Z</time></wpt><wpt lat="37.77048053" lon="-122.47917689"><time>2026-09-14T05:38:01.901Z</time></wpt><wpt lat="37.77046860" lon="-122.47914913"><time>2026-09-14T05:38:02.901Z</time></wpt><wpt lat="37.77045666" lon="-122.47912137"><time>2026-09-14T05:38:03.901Z</time></wpt><wpt lat="37.77044473" lon="-122.47909361"><time>2026-09-14T05:38:04.901Z</time></wpt><wpt lat="37.77043279" lon="-122.47906584"><time>2026-09-14T05:38:05.901Z</time></wpt><wpt lat="37.77042086" lon="-122.47903808"><time>2026-09-14T05:38:06.901Z</time></wpt><wpt lat="37.77040892" lon="-122.47901032"><time>2026-09-14T05:38:07.901Z</time></wpt><wpt lat="37.77039699" lon="-122.47898256"><time>2026-09-14T05:38:08.901Z</time></wpt><wpt lat="37.77038505" lon="-122.47895479"><time>2026-09-14T05:38:09.901Z</time></wpt><wpt lat="37.77037312" lon="-122.47892703"><time>2026-09-14T05:38:10.901Z</time></wpt><wpt lat="37.77036118" lon="-122.47889927"><time>2026-09-14T05:38:11.901Z</time></wpt><wpt lat="37.77034924" lon="-122.47887150"><time>2026-09-14T05:38:12.901Z</time></wpt><wpt lat="37.77034000" lon="-122.47885000"><time>2026-09-14T05:38:13.675Z</time></wpt><wpt lat="37.77033549" lon="-122.47885427"><time>2026-09-14T05:38:13.901Z</time></wpt><wpt lat="37.77031551" lon="-122.47887323"><time>2026-09-14T05:38:14.901Z</time></wpt><wpt lat="37.77029552" lon="-122.47889219"><time>2026-09-14T05:38:15.901Z</time></wpt><wpt lat="37.77027553" lon="-122.47891114"><time>2026-09-14T05:38:16.901Z</time></wpt><wpt lat="37.77025554" lon="-122.47893010"><time>2026-09-14T05:38:17.901Z</time></wpt><wpt lat="37.77023555" lon="-122.47894905"><time>2026-09-14T05:38:18.901Z</time></wpt><wpt lat="37.77021557" lon="-122.47896801"><time>2026-09-14T05:38:19.901Z</time></wpt><wpt lat="37.77019558" lon="-122.47898697"><time>2026-09-14T05:38:20.901Z</time></wpt><wpt lat="37.77017559" lon="-122.47900592"><time>2026-09-14T05:38:21.901Z</time></wpt><wpt lat="37.77015560" lon="-122.47902488"><time>2026-09-14T05:38:22.901Z</time></wpt><wpt lat="37.77013561" lon="-122.47904384"><time>2026-09-14T05:38:23.901Z</time></wpt><wpt lat="37.77011563" lon="-122.47906279"><time>2026-09-14T05:38:24.901Z</time></wpt><wpt lat="37.77009564" lon="-122.47908175"><time>2026-09-14T05:38:25.901Z</time></wpt><wpt lat="37.77007565" lon="-122.47910071"><time>2026-09-14T05:38:26.901Z</time></wpt><wpt lat="37.77005566" lon="-122.47911966"><time>2026-09-14T05:38:27.901Z</time></wpt><wpt lat="37.77003567" lon="-122.47913862"><time>2026-09-14T05:38:28.901Z</time></wpt><wpt lat="37.77001569" lon="-122.47915757"><time>2026-09-14T05:38:29.901Z</time></wpt><wpt lat="37.76999570" lon="-122.47917653"><time>2026-09-14T05:38:30.901Z</time></wpt><wpt lat="37.76997571" lon="-122.47919549"><time>2026-09-14T05:38:31.901Z</time></wpt><wpt lat="37.76995572" lon="-122.47921444"><time>2026-09-14T05:38:32.901Z</time></wpt><wpt lat="37.76993573" lon="-122.47923340"><time>2026-09-14T05:38:33.901Z</time></wpt><wpt lat="37.76991575" lon="-122.47925236"><time>2026-09-14T05:38:34.901Z</time></wpt><wpt lat="37.76989576" lon="-122.47927131"><time>2026-09-14T05:38:35.901Z</time></wpt><wpt lat="37.76987577" lon="-122.47929027"><time>2026-09-14T05:38:36.901Z</time></wpt><wpt lat="37.76985578" lon="-122.47930922"><time>2026-09-14T05:38:37.901Z</time></wpt><wpt lat="37.76983579" lon="-122.47932818"><time>2026-09-14T05:38:38.901Z</time></wpt><wpt lat="37.76981581" lon="-122.47934714"><time>2026-09-14T05:38:39.901Z</time></wpt><wpt lat="37.76979582" lon="-122.47936609"><time>2026-09-14T05:38:40.901Z</time></wpt><wpt lat="37.76977583" lon="-122.47938505"><time>2026-09-14T05:38:41.901Z</time></wpt><wpt lat="37.76975584" lon="-122.47940401"><time>2026-09-14T05:38:42.901Z</time></wpt><wpt lat="37.76973585" lon="-122.47942296"><time>2026-09-14T05:38:43.901Z</time></wpt><wpt lat="37.76971587" lon="-122.47944192"><time>2026-09-14T05:38:44.901Z</time></wpt><wpt lat="37.76969588" lon="-122.47946087"><time>2026-09-14T05:38:45.901Z</time></wpt><wpt lat="37.76967589" lon="-122.47947983"><time>2026-09-14T05:38:46.901Z</time></wpt><wpt lat="37.76965590" lon="-122.47949879"><time>2026-09-14T05:38:47.901Z</time></wpt><wpt lat="37.76963591" lon="-122.47951774"><time>2026-09-14T05:38:48.901Z</time></wpt><wpt lat="37.76961592" lon="-122.47953670"><time>2026-09-14T05:38:49.901Z</time></wpt><wpt lat="37.76959594" lon="-122.47955565"><time>2026-09-14T05:38:50.901Z</time></wpt><wpt lat="37.76957595" lon="-122.47957461"><time>2026-09-14T05:38:51.901Z</time></wpt><wpt lat="37.76955596" lon="-122.47959357"><time>2026-09-14T05:38:52.901Z</time></wpt><wpt lat="37.76953597" lon="-122.47961252"><time>2026-09-14T05:38:53.901Z</time></wpt><wpt lat="37.76951598" lon="-122.47963148"><time>2026-09-14T05:38:54.901Z</time></wpt><wpt lat="37.76949600" lon="-122.47965043"><time>2026-09-14T05:38:55.901Z</time></wpt><wpt lat="37.76947601" lon="-122.47966939"><time>2026-09-14T05:38:56.901Z</time></wpt><wpt lat="37.76945602" lon="-122.47968835"><time>2026-09-14T05:38:57.901Z</time></wpt><wpt lat="37.76943603" lon="-122.47970730"><time>2026-09-14T05:38:58.901Z</time></wpt><wpt lat="37.76941604" lon="-122.47972626"><time>2026-09-14T05:38:59.901Z</time></wpt><wpt lat="37.76939606" lon="-122.47974521"><time>2026-09-14T05:39:00.901Z</time></wpt><wpt lat="37.76937607" lon="-122.47976417"><time>2026-09-14T05:39:01.901Z</time></wpt><wpt lat="37.76935608" lon="-122.47978313"><time>2026-09-14T05:39:02.901Z</time></wpt><wpt lat="37.76933609" lon="-122.47980208"><time>2026-09-14T05:39:03.901Z</time></wpt><wpt lat="37.76931610" lon="-122.47982104"><time>2026-09-14T05:39:04.901Z</time></wpt><wpt lat="37.76929611" lon="-122.47983999"><time>2026-09-14T05:39:05.901Z</time></wpt><wpt lat="37.76927613" lon="-122.47985895"><time>2026-09-14T05:39:06.901Z</time></wpt><wpt lat="37.76925614" lon="-122.47987791"><time>2026-09-14T05:39:07.901Z</time></wpt><wpt lat="37.76923615" lon="-122.47989686"><time>2026-09-14T05:39:08.901Z</time></wpt><wpt lat="37.76921616" lon="-122.47991582"><time>2026-09-14T05:39:09.901Z</time></wpt><wpt lat="37.76919617" lon="-122.47993477"><time>2026-09-14T05:39:10.901Z</time></wpt><wpt lat="37.76917619" lon="-122.47995373"><time>2026-09-14T05:39:11.901Z</time></wpt><wpt lat="37.76915620" lon="-122.47997269"><time>2026-09-14T05:39:12.901Z</time></wpt><wpt lat="37.76913621" lon="-122.47999164"><time>2026-09-14T05:39:13.901Z</time></wpt><wpt lat="37.76911622" lon="-122.48001060"><time>2026-09-14T05:39:14.901Z</time></wpt><wpt lat="37.76909623" lon="-122.48002955"><time>2026-09-14T05:39:15.901Z</time></wpt><wpt lat="37.76907625" lon="-122.48004851"><time>2026-09-14T05:39:16.901Z</time></wpt><wpt lat="37.76905626" lon="-122.48006746"><time>2026-09-14T05:39:17.901Z</time></wpt><wpt lat="37.76903627" lon="-122.48008642"><time>2026-09-14T05:39:18.901Z</time></wpt><wpt lat="37.76901628" lon="-122.48010538"><time>2026-09-14T05:39:19.901Z</time></wpt><wpt lat="37.76899629" lon="-122.48012433"><time>2026-09-14T05:39:20.901Z</time></wpt><wpt lat="37.76897630" lon="-122.48014329"><time>2026-09-14T05:39:21.901Z</time></wpt><wpt lat="37.76895632" lon="-122.48016224"><time>2026-09-14T05:39:22.901Z</time></wpt><wpt lat="37.76893633" lon="-122.48018120"><time>2026-09-14T05:39:23.901Z</time></wpt><wpt lat="37.76891634" lon="-122.48020015"><time>2026-09-14T05:39:24.901Z</time></wpt><wpt lat="37.76889635" lon="-122.48021911"><time>2026-09-14T05:39:25.901Z</time></wpt><wpt lat="37.76887636" lon="-122.48023807"><time>2026-09-14T05:39:26.901Z</time></wpt><wpt lat="37.76885637" lon="-122.48025702"><time>2026-09-14T05:39:27.901Z</time></wpt><wpt lat="37.76883639" lon="-122.48027598"><time>2026-09-14T05:39:28.901Z</time></wpt><wpt lat="37.76881640" lon="-122.48029493"><time>2026-09-14T05:39:29.901Z</time></wpt><wpt lat="37.76879641" lon="-122.48031389"><time>2026-09-14T05:39:30.901Z</time></wpt><wpt lat="37.76877642" lon="-122.48033284"><time>2026-09-14T05:39:31.901Z</time></wpt><wpt lat="37.76875643" lon="-122.48035180"><time>2026-09-14T05:39:32.901Z</time></wpt><wpt lat="37.76873645" lon="-122.48037076"><time>2026-09-14T05:39:33.901Z</time></wpt><wpt lat="37.76871646" lon="-122.48038971"><time>2026-09-14T05:39:34.901Z</time></wpt><wpt lat="37.76869647" lon="-122.48040867"><time>2026-09-14T05:39:35.901Z</time></wpt><wpt lat="37.76867648" lon="-122.48042762"><time>2026-09-14T05:39:36.901Z</time></wpt><wpt lat="37.76865649" lon="-122.48044658"><time>2026-09-14T05:39:37.901Z</time></wpt><wpt lat="37.76863650" lon="-122.48046553"><time>2026-09-14T05:39:38.901Z</time></wpt><wpt lat="37.76861652" lon="-122.48048449"><time>2026-09-14T05:39:39.901Z</time></wpt><wpt lat="37.76859653" lon="-122.48050344"><time>2026-09-14T05:39:40.901Z</time></wpt><wpt lat="37.76857654" lon="-122.48052240"><time>2026-09-14T05:39:41.901Z</time></wpt><wpt lat="37.76855655" lon="-122.48054136"><time>2026-09-14T05:39:42.901Z</time></wpt><wpt lat="37.76853656" lon="-122.48056031"><time>2026-09-14T05:39:43.901Z</time></wpt><wpt lat="37.76851657" lon="-122.48057927"><time>2026-09-14T05:39:44.901Z</time></wpt><wpt lat="37.76849659" lon="-122.48059822"><time>2026-09-14T05:39:45.901Z</time></wpt><wpt lat="37.76847660" lon="-122.48061718"><time>2026-09-14T05:39:46.901Z</time></wpt><wpt lat="37.76845661" lon="-122.48063613"><time>2026-09-14T05:39:47.901Z</time></wpt><wpt lat="37.76843662" lon="-122.48065509"><time>2026-09-14T05:39:48.901Z</time></wpt><wpt lat="37.76841663" lon="-122.48067404"><time>2026-09-14T05:39:49.901Z</time></wpt><wpt lat="37.76839665" lon="-122.48069300"><time>2026-09-14T05:39:50.901Z</time></wpt><wpt lat="37.76837666" lon="-122.48071196"><time>2026-09-14T05:39:51.901Z</time></wpt><wpt lat="37.76835667" lon="-122.48073091"><time>2026-09-14T05:39:52.901Z</time></wpt><wpt lat="37.76833668" lon="-122.48074987"><time>2026-09-14T05:39:53.901Z</time></wpt><wpt lat="37.76831669" lon="-122.48076882"><time>2026-09-14T05:39:54.901Z</time></wpt><wpt lat="37.76829670" lon="-122.48078778"><time>2026-09-14T05:39:55.901Z</time></wpt><wpt lat="37.76827672" lon="-122.48080673"><time>2026-09-14T05:39:56.901Z</time></wpt><wpt lat="37.76825673" lon="-122.48082569"><time>2026-09-14T05:39:57.901Z</time></wpt><wpt lat="37.76823674" lon="-122.48084464"><time>2026-09-14T05:39:58.901Z</time></wpt><wpt lat="37.76821675" lon="-122.48086360"><time>2026-09-14T05:39:59.901Z</time></wpt><wpt lat="37.76821000" lon="-122.48087000"><time>2026-09-14T05:40:00.238Z</time></wpt><wpt lat="37.76820650" lon="-122.48089046"><time>2026-09-14T05:40:00.901Z</time></wpt><wpt lat="37.76820122" lon="-122.48092134"><time>2026-09-14T05:40:01.901Z</time></wpt><wpt lat="37.76819595" lon="-122.48095223"><time>2026-09-14T05:40:02.901Z</time></wpt><wpt lat="37.76819067" lon="-122.48098312"><time>2026-09-14T05:40:03.901Z</time></wpt><wpt lat="37.76818539" lon="-122.48101401"><time>2026-09-14T05:40:04.901Z</time></wpt><wpt lat="37.76818011" lon="-122.48104490"><time>2026-09-14T05:40:05.901Z</time></wpt><wpt lat="37.76817483" lon="-122.48107579"><time>2026-09-14T05:40:06.901Z</time></wpt><wpt lat="37.76816955" lon="-122.48110667"><time>2026-09-14T05:40:07.901Z</time></wpt><wpt lat="37.76816427" lon="-122.48113756"><time>2026-09-14T05:40:08.901Z</time></wpt><wpt lat="37.76815899" lon="-122.48116845"><time>2026-09-14T05:40:09.901Z</time></wpt><wpt lat="37.76815371" lon="-122.48119934"><time>2026-09-14T05:40:10.901Z</time></wpt><wpt lat="37.76814843" lon="-122.48123023"><time>2026-09-14T05:40:11.901Z</time></wpt><wpt lat="37.76814315" lon="-122.48126111"><time>2026-09-14T05:40:12.901Z</time></wpt><wpt lat="37.76813787" lon="-122.48129200"><time>2026-09-14T05:40:13.901Z</time></wpt><wpt lat="37.76813259" lon="-122.48132289"><time>2026-09-14T05:40:14.901Z</time></wpt><wpt lat="37.76812731" lon="-122.48135378"><time>2026-09-14T05:40:15.901Z</time></wpt><wpt lat="37.76812204" lon="-122.48138467"><time>2026-09-14T05:40:16.901Z</time></wpt><wpt lat="37.76811676" lon="-122.48141555"><time>2026-09-14T05:40:17.901Z</time></wpt><wpt lat="37.76811148" lon="-122.48144644"><time>2026-09-14T05:40:18.901Z</time></wpt><wpt lat="37.76810620" lon="-122.48147733"><time>2026-09-14T05:40:19.901Z</time></wpt><wpt lat="37.76810092" lon="-122.48150822"><time>2026-09-14T05:40:20.901Z</time></wpt><wpt lat="37.76809564" lon="-122.48153911"><time>2026-09-14T05:40:21.901Z</time></wpt><wpt lat="37.76809036" lon="-122.48157000"><time>2026-09-14T05:40:22.901Z</time></wpt><wpt lat="37.76808508" lon="-122.48160088"><time>2026-09-14T05:40:23.901Z</time></wpt><wpt lat="37.76807980" lon="-122.48163177"><time>2026-09-14T05:40:24.901Z</time></wpt><wpt lat="37.76807452" lon="-122.48166266"><time>2026-09-14T05:40:25.901Z</time></wpt><wpt lat="37.76806924" lon="-122.48169355"><time>2026-09-14T05:40:26.901Z</time></wpt><wpt lat="37.76806396" lon="-122.48172444"><time>2026-09-14T05:40:27.901Z</time></wpt><wpt lat="37.76805868" lon="-122.48175532"><time>2026-09-14T05:40:28.901Z</time></wpt><wpt lat="37.76805340" lon="-122.48178621"><time>2026-09-14T05:40:29.901Z</time></wpt><wpt lat="37.76804812" lon="-122.48181710"><time>2026-09-14T05:40:30.901Z</time></wpt><wpt lat="37.76804284" lon="-122.48184799"><time>2026-09-14T05:40:31.901Z</time></wpt><wpt lat="37.76803757" lon="-122.48187888"><time>2026-09-14T05:40:32.901Z</time></wpt><wpt lat="37.76803229" lon="-122.48190976"><time>2026-09-14T05:40:33.901Z</time></wpt><wpt lat="37.76802701" lon="-122.48194065"><time>2026-09-14T05:40:34.901Z</time></wpt><wpt lat="37.76802173" lon="-122.48197154"><time>2026-09-14T05:40:35.901Z</time></wpt><wpt lat="37.76801645" lon="-122.48200243"><time>2026-09-14T05:40:36.901Z</time></wpt><wpt lat="37.76801117" lon="-122.48203332"><time>2026-09-14T05:40:37.901Z</time></wpt><wpt lat="37.76800589" lon="-122.48206420"><time>2026-09-14T05:40:38.901Z</time></wpt><wpt lat="37.76800061" lon="-122.48209509"><time>2026-09-14T05:40:39.901Z</time></wpt><wpt lat="37.76799533" lon="-122.48212598"><time>2026-09-14T05:40:40.901Z</time></wpt><wpt lat="37.76799005" lon="-122.48215687"><time>2026-09-14T05:40:41.901Z</time></wpt><wpt lat="37.76798477" lon="-122.48218776"><time>2026-09-14T05:40:42.901Z</time></wpt><wpt lat="37.76797949" lon="-122.48221864"><time>2026-09-14T05:40:43.901Z</time></wpt><wpt lat="37.76797421" lon="-122.48224953"><time>2026-09-14T05:40:44.901Z</time></wpt><wpt lat="37.76796893" lon="-122.48228042"><time>2026-09-14T05:40:45.901Z</time></wpt><wpt lat="37.76796365" lon="-122.48231131"><time>2026-09-14T05:40:46.901Z</time></wpt><wpt lat="37.76795837" lon="-122.48234220"><time>2026-09-14T05:40:47.901Z</time></wpt><wpt lat="37.76795309" lon="-122.48237308"><time>2026-09-14T05:40:48.901Z</time></wpt><wpt lat="37.76794781" lon="-122.48240397"><time>2026-09-14T05:40:49.901Z</time></wpt><wpt lat="37.76794253" lon="-122.48243486"><time>2026-09-14T05:40:50.901Z</time></wpt><wpt lat="37.76793725" lon="-122.48246575"><time>2026-09-14T05:40:51.901Z</time></wpt><wpt lat="37.76793197" lon="-122.48249663"><time>2026-09-14T05:40:52.901Z</time></wpt><wpt lat="37.76792669" lon="-122.48252752"><time>2026-09-14T05:40:53.901Z</time></wpt><wpt lat="37.76792142" lon="-122.48255841"><time>2026-09-14T05:40:54.901Z</time></wpt><wpt lat="37.76791614" lon="-122.48258930"><time>2026-09-14T05:40:55.901Z</time></wpt><wpt lat="37.76791086" lon="-122.48262019"><time>2026-09-14T05:40:56.901Z</time></wpt><wpt lat="37.76790558" lon="-122.48265107"><time>2026-09-14T05:40:57.901Z</time></wpt><wpt lat="37.76790030" lon="-122.48268196"><time>2026-09-14T05:40:58.901Z</time></wpt><wpt lat="37.76789502" lon="-122.48271285"><time>2026-09-14T05:40:59.901Z</time></wpt><wpt lat="37.76788974" lon="-122.48274374"><time>2026-09-14T05:41:00.901Z</time></wpt><wpt lat="37.76788446" lon="-122.48277463"><time>2026-09-14T05:41:01.901Z</time></wpt><wpt lat="37.76787918" lon="-122.48280551"><time>2026-09-14T05:41:02.901Z</time></wpt><wpt lat="37.76787390" lon="-122.48283640"><time>2026-09-14T05:41:03.901Z</time></wpt><wpt lat="37.76786862" lon="-122.48286729"><time>2026-09-14T05:41:04.901Z</time></wpt><wpt lat="37.76786334" lon="-122.48289818"><time>2026-09-14T05:41:05.901Z</time></wpt><wpt lat="37.76785806" lon="-122.48292907"><time>2026-09-14T05:41:06.901Z</time></wpt><wpt lat="37.76785278" lon="-122.48295995"><time>2026-09-14T05:41:07.901Z</time></wpt><wpt lat="37.76784750" lon="-122.48299084"><time>2026-09-14T05:41:08.901Z</time></wpt><wpt lat="37.76784222" lon="-122.48302173"><time>2026-09-14T05:41:09.901Z</time></wpt><wpt lat="37.76783694" lon="-122.48305262"><time>2026-09-14T05:41:10.901Z</time></wpt><wpt lat="37.76783166" lon="-122.48308350"><time>2026-09-14T05:41:11.901Z</time></wpt><wpt lat="37.76782638" lon="-122.48311439"><time>2026-09-14T05:41:12.901Z</time></wpt><wpt lat="37.76782110" lon="-122.48314528"><time>2026-09-14T05:41:13.901Z</time></wpt><wpt lat="37.76781582" lon="-122.48317617"><time>2026-09-14T05:41:14.901Z</time></wpt><wpt lat="37.76781054" lon="-122.48320706"><time>2026-09-14T05:41:15.901Z</time></wpt><wpt lat="37.76780526" lon="-122.48323794"><time>2026-09-14T05:41:16.901Z</time></wpt><wpt lat="37.76779998" lon="-122.48326883"><time>2026-09-14T05:41:17.901Z</time></wpt><wpt lat="37.76779470" lon="-122.48329972"><time>2026-09-14T05:41:18.901Z</time></wpt><wpt lat="37.76778942" lon="-122.48333061"><time>2026-09-14T05:41:19.901Z</time></wpt><wpt lat="37.76778414" lon="-122.48336149"><time>2026-09-14T05:41:20.901Z</time></wpt><wpt lat="37.76777886" lon="-122.48339238"><time>2026-09-14T05:41:21.901Z</time></wpt><wpt lat="37.76777358" lon="-122.48342327"><time>2026-09-14T05:41:22.901Z</time></wpt><wpt lat="37.76776830" lon="-122.48345416"><time>2026-09-14T05:41:23.901Z</time></wpt><wpt lat="37.76776302" lon="-122.48348505"><time>2026-09-14T05:41:24.901Z</time></wpt><wpt lat="37.76775774" lon="-122.48351593"><time>2026-09-14T05:41:25.901Z</time></wpt><wpt lat="37.76775246" lon="-122.48354682"><time>2026-09-14T05:41:26.901Z</time></wpt><wpt lat="37.76774718" lon="-122.48357771"><time>2026-09-14T05:41:27.901Z</time></wpt><wpt lat="37.76774190" lon="-122.48360860"><time>2026-09-14T05:41:28.901Z</time></wpt><wpt lat="37.76773662" lon="-122.48363948"><time>2026-09-14T05:41:29.901Z</time></wpt><wpt lat="37.76773134" lon="-122.48367037"><time>2026-09-14T05:41:30.901Z</time></wpt><wpt lat="37.76772606" lon="-122.48370126"><time>2026-09-14T05:41:31.901Z</time></wpt><wpt lat="37.76772078" lon="-122.48373215"><time>2026-09-14T05:41:32.901Z</time></wpt><wpt lat="37.76771550" lon="-122.48376304"><time>2026-09-14T05:41:33.901Z</time></wpt><wpt lat="37.76771022" lon="-122.48379392"><time>2026-09-14T05:41:34.901Z</time></wpt><wpt lat="37.76770494" lon="-122.48382481"><time>2026-09-14T05:41:35.901Z</time></wpt><wpt lat="37.76769966" lon="-122.48385570"><time>2026-09-14T05:41:36.901Z</time></wpt><wpt lat="37.76769438" lon="-122.48388659"><time>2026-09-14T05:41:37.901Z</time></wpt><wpt lat="37.76768910" lon="-122.48391747"><time>2026-09-14T05:41:38.901Z</time></wpt><wpt lat="37.76768382" lon="-122.48394836"><time>2026-09-14T05:41:39.901Z</time></wpt><wpt lat="37.76767854" lon="-122.48397925"><time>2026-09-14T05:41:40.901Z</time></wpt><wpt lat="37.76767326" lon="-122.48401014"><time>2026-09-14T05:41:41.901Z</time></wpt><wpt lat="37.76766798" lon="-122.48404103"><time>2026-09-14T05:41:42.901Z</time></wpt><wpt lat="37.76766270" lon="-122.48407191"><time>2026-09-14T05:41:43.901Z</time></wpt><wpt lat="37.76765742" lon="-122.48410280"><time>2026-09-14T05:41:44.901Z</time></wpt><wpt lat="37.76765214" lon="-122.48413369"><time>2026-09-14T05:41:45.901Z</time></wpt><wpt lat="37.76764686" lon="-122.48416458"><time>2026-09-14T05:41:46.901Z</time></wpt><wpt lat="37.76764158" lon="-122.48419546"><time>2026-09-14T05:41:47.901Z</time></wpt><wpt lat="37.76763630" lon="-122.48422635"><time>2026-09-14T05:41:48.901Z</time></wpt><wpt lat="37.76763102" lon="-122.48425724"><time>2026-09-14T05:41:49.901Z</time></wpt><wpt lat="37.76762574" lon="-122.48428813"><time>2026-09-14T05:41:50.901Z</time></wpt><wpt lat="37.76762046" lon="-122.48431901"><time>2026-09-14T05:41:51.901Z</time></wpt><wpt lat="37.76761518" lon="-122.48434990"><time>2026-09-14T05:41:52.901Z</time></wpt><wpt lat="37.76760990" lon="-122.48438079"><time>2026-09-14T05:41:53.901Z</time></wpt><wpt lat="37.76760462" lon="-122.48441168"><time>2026-09-14T05:41:54.901Z</time></wpt><wpt lat="37.76759934" lon="-122.48444257"><time>2026-09-14T05:41:55.901Z</time></wpt><wpt lat="37.76759406" lon="-122.48447345"><time>2026-09-14T05:41:56.901Z</time></wpt><wpt lat="37.76758878" lon="-122.48450434"><time>2026-09-14T05:41:57.901Z</time></wpt><wpt lat="37.76758350" lon="-122.48453523"><time>2026-09-14T05:41:58.901Z</time></wpt><wpt lat="37.76757822" lon="-122.48456612"><time>2026-09-14T05:41:59.901Z</time></wpt><wpt lat="37.76757294" lon="-122.48459700"><time>2026-09-14T05:42:00.901Z</time></wpt><wpt lat="37.76756766" lon="-122.48462789"><time>2026-09-14T05:42:01.901Z</time></wpt><wpt lat="37.76756238" lon="-122.48465878"><time>2026-09-14T05:42:02.901Z</time></wpt><wpt lat="37.76755710" lon="-122.48468967"><time>2026-09-14T05:42:03.901Z</time></wpt><wpt lat="37.76755182" lon="-122.48472055"><time>2026-09-14T05:42:04.901Z</time></wpt><wpt lat="37.76754654" lon="-122.48475144"><time>2026-09-14T05:42:05.901Z</time></wpt><wpt lat="37.76754126" lon="-122.48478233"><time>2026-09-14T05:42:06.901Z</time></wpt><wpt lat="37.76753598" lon="-122.48481322"><time>2026-09-14T05:42:07.901Z</time></wpt><wpt lat="37.76753070" lon="-122.48484410"><time>2026-09-14T05:42:08.901Z</time></wpt><wpt lat="37.76752542" lon="-122.48487499"><time>2026-09-14T05:42:09.901Z</time></wpt><wpt lat="37.76752014" lon="-122.48490588"><time>2026-09-14T05:42:10.901Z</time></wpt><wpt lat="37.76751486" lon="-122.48493677"><time>2026-09-14T05:42:11.901Z</time></wpt><wpt lat="37.76750958" lon="-122.48496765"><time>2026-09-14T05:42:12.901Z</time></wpt><wpt lat="37.76750430" lon="-122.48499854"><time>2026-09-14T05:42:13.901Z</time></wpt><wpt lat="37.76749902" lon="-122.48502943"><time>2026-09-14T05:42:14.901Z</time></wpt><wpt lat="37.76749374" lon="-122.48506032"><time>2026-09-14T05:42:15.901Z</time></wpt><wpt lat="37.76748846" lon="-122.48509120"><time>2026-09-14T05:42:16.901Z</time></wpt><wpt lat="37.76748318" lon="-122.48512209"><time>2026-09-14T05:42:17.901Z</time></wpt><wpt lat="37.76747790" lon="-122.48515298"><time>2026-09-14T05:42:18.901Z</time></wpt><wpt lat="37.76747262" lon="-122.48518387"><time>2026-09-14T05:42:19.901Z</time></wpt><wpt lat="37.76746734" lon="-122.48521475"><time>2026-09-14T05:42:20.901Z</time></wpt><wpt lat="37.76746206" lon="-122.48524564"><time>2026-09-14T05:42:21.901Z</time></wpt><wpt lat="37.76745678" lon="-122.48527653"><time>2026-09-14T05:42:22.901Z</time></wpt><wpt lat="37.76745150" lon="-122.48530742"><time>2026-09-14T05:42:23.901Z</time></wpt><wpt lat="37.76744622" lon="-122.48533831"><time>2026-09-14T05:42:24.901Z</time></wpt><wpt lat="37.76744094" lon="-122.48536919"><time>2026-09-14T05:42:25.901Z</time></wpt><wpt lat="37.76743565" lon="-122.48540008"><time>2026-09-14T05:42:26.901Z</time></wpt><wpt lat="37.76743037" lon="-122.48543097"><time>2026-09-14T05:42:27.901Z</time></wpt><wpt lat="37.76742509" lon="-122.48546186"><time>2026-09-14T05:42:28.901Z</time></wpt><wpt lat="37.76741981" lon="-122.48549274"><time>2026-09-14T05:42:29.901Z</time></wpt><wpt lat="37.76741453" lon="-122.48552363"><time>2026-09-14T05:42:30.901Z</time></wpt><wpt lat="37.76740925" lon="-122.48555452"><time>2026-09-14T05:42:31.901Z</time></wpt><wpt lat="37.76740397" lon="-122.48558541"><time>2026-09-14T05:42:32.901Z</time></wpt><wpt lat="37.76739869" lon="-122.48561629"><time>2026-09-14T05:42:33.901Z</time></wpt><wpt lat="37.76739341" lon="-122.48564718"><time>2026-09-14T05:42:34.901Z</time></wpt><wpt lat="37.76738813" lon="-122.48567807"><time>2026-09-14T05:42:35.901Z</time></wpt><wpt lat="37.76738285" lon="-122.48570895"><time>2026-09-14T05:42:36.901Z</time></wpt><wpt lat="37.76737757" lon="-122.48573984"><time>2026-09-14T05:42:37.901Z</time></wpt><wpt lat="37.76737229" lon="-122.48577073"><time>2026-09-14T05:42:38.901Z</time></wpt><wpt lat="37.76736701" lon="-122.48580162"><time>2026-09-14T05:42:39.901Z</time></wpt><wpt lat="37.76736173" lon="-122.48583250"><time>2026-09-14T05:42:40.901Z</time></wpt><wpt lat="37.76735645" lon="-122.48586339"><time>2026-09-14T05:42:41.901Z</time></wpt><wpt lat="37.76735117" lon="-122.48589428"><time>2026-09-14T05:42:42.901Z</time></wpt><wpt lat="37.76734589" lon="-122.48592517"><time>2026-09-14T05:42:43.901Z</time></wpt><wpt lat="37.76734061" lon="-122.48595605"><time>2026-09-14T05:42:44.901Z</time></wpt><wpt lat="37.76733533" lon="-122.48598694"><time>2026-09-14T05:42:45.901Z</time></wpt><wpt lat="37.76733005" lon="-122.48601783"><time>2026-09-14T05:42:46.901Z</time></wpt><wpt lat="37.76732477" lon="-122.48604872"><time>2026-09-14T05:42:47.901Z</time></wpt><wpt lat="37.76731948" lon="-122.48607960"><time>2026-09-14T05:42:48.901Z</time></wpt><wpt lat="37.76731420" lon="-122.48611049"><time>2026-09-14T05:42:49.901Z</time></wpt><wpt lat="37.76730892" lon="-122.48614138"><time>2026-09-14T05:42:50.901Z</time></wpt><wpt lat="37.76730364" lon="-122.48617227"><time>2026-09-14T05:42:51.901Z</time></wpt><wpt lat="37.76729836" lon="-122.48620315"><time>2026-09-14T05:42:52.901Z</time></wpt><wpt lat="37.76729308" lon="-122.48623404"><time>2026-09-14T05:42:53.901Z</time></wpt><wpt lat="37.76728780" lon="-122.48626493"><time>2026-09-14T05:42:54.901Z</time></wpt><wpt lat="37.76728252" lon="-122.48629582"><time>2026-09-14T05:42:55.901Z</time></wpt><wpt lat="37.76727724" lon="-122.48632670"><time>2026-09-14T05:42:56.901Z</time></wpt><wpt lat="37.76727196" lon="-122.48635759"><time>2026-09-14T05:42:57.901Z</time></wpt><wpt lat="37.76726668" lon="-122.48638848"><time>2026-09-14T05:42:58.901Z</time></wpt><wpt lat="37.76726140" lon="-122.48641937"><time>2026-09-14T05:42:59.901Z</time></wpt><wpt lat="37.76725612" lon="-122.48645025"><time>2026-09-14T05:43:00.901Z</time></wpt><wpt lat="37.76725084" lon="-122.48648114"><time>2026-09-14T05:43:01.901Z</time></wpt><wpt lat="37.76724556" lon="-122.48651203"><time>2026-09-14T05:43:02.901Z</time></wpt><wpt lat="37.76724028" lon="-122.48654291"><time>2026-09-14T05:43:03.901Z</time></wpt><wpt lat="37.76723499" lon="-122.48657380"><time>2026-09-14T05:43:04.901Z</time></wpt><wpt lat="37.76722971" lon="-122.48660469"><time>2026-09-14T05:43:05.901Z</time></wpt><wpt lat="37.76722443" lon="-122.48663558"><time>2026-09-14T05:43:06.901Z</time></wpt><wpt lat="37.76721915" lon="-122.48666646"><time>2026-09-14T05:43:07.901Z</time></wpt><wpt lat="37.76721387" lon="-122.48669735"><time>2026-09-14T05:43:08.901Z</time></wpt><wpt lat="37.76721000" lon="-122.48672000"><time>2026-09-14T05:43:09.634Z</time></wpt><wpt lat="37.76721400" lon="-122.48672674"><time>2026-09-14T05:43:09.901Z</time></wpt><wpt lat="37.76722898" lon="-122.48675203"><time>2026-09-14T05:43:10.901Z</time></wpt><wpt lat="37.76724397" lon="-122.48677731"><time>2026-09-14T05:43:11.901Z</time></wpt><wpt lat="37.76725895" lon="-122.48680260"><time>2026-09-14T05:43:12.901Z</time></wpt><wpt lat="37.76727394" lon="-122.48682788"><time>2026-09-14T05:43:13.901Z</time></wpt><wpt lat="37.76728892" lon="-122.48685317"><time>2026-09-14T05:43:14.901Z</time></wpt><wpt lat="37.76730390" lon="-122.48687845"><time>2026-09-14T05:43:15.901Z</time></wpt><wpt lat="37.76731889" lon="-122.48690374"><time>2026-09-14T05:43:16.901Z</time></wpt><wpt lat="37.76733387" lon="-122.48692903"><time>2026-09-14T05:43:17.901Z</time></wpt><wpt lat="37.76734886" lon="-122.48695431"><time>2026-09-14T05:43:18.901Z</time></wpt><wpt lat="37.76736384" lon="-122.48697960"><time>2026-09-14T05:43:19.901Z</time></wpt><wpt lat="37.76737883" lon="-122.48700488"><time>2026-09-14T05:43:20.901Z</time></wpt><wpt lat="37.76739381" lon="-122.48703017"><time>2026-09-14T05:43:21.901Z</time></wpt><wpt lat="37.76740880" lon="-122.48705545"><time>2026-09-14T05:43:22.901Z</time></wpt><wpt lat="37.76742378" lon="-122.48708074"><time>2026-09-14T05:43:23.901Z</time></wpt><wpt lat="37.76743877" lon="-122.48710602"><time>2026-09-14T05:43:24.901Z</time></wpt><wpt lat="37.76745375" lon="-122.48713131"><time>2026-09-14T05:43:25.901Z</time></wpt><wpt lat="37.76746873" lon="-122.48715659"><time>2026-09-14T05:43:26.901Z</time></wpt><wpt lat="37.76748372" lon="-122.48718188"><time>2026-09-14T05:43:27.901Z</time></wpt><wpt lat="37.76749870" lon="-122.48720716"><time>2026-09-14T05:43:28.901Z</time></wpt><wpt lat="37.76751369" lon="-122.48723245"><time>2026-09-14T05:43:29.901Z</time></wpt><wpt lat="37.76752867" lon="-122.48725773"><time>2026-09-14T05:43:30.901Z</time></wpt><wpt lat="37.76754366" lon="-122.48728302"><time>2026-09-14T05:43:31.901Z</time></wpt><wpt lat="37.76755864" lon="-122.48730830"><time>2026-09-14T05:43:32.901Z</time></wpt><wpt lat="37.76757363" lon="-122.48733359"><time>2026-09-14T05:43:33.901Z</time></wpt><wpt lat="37.76758861" lon="-122.48735887"><time>2026-09-14T05:43:34.901Z</time></wpt><wpt lat="37.76760359" lon="-122.48738416"><time>2026-09-14T05:43:35.901Z</time></wpt><wpt lat="37.76761858" lon="-122.48740944"><time>2026-09-14T05:43:36.901Z</time></wpt><wpt lat="37.76763356" lon="-122.48743473"><time>2026-09-14T05:43:37.901Z</time></wpt><wpt lat="37.76764855" lon="-122.48746001"><time>2026-09-14T05:43:38.901Z</time></wpt><wpt lat="37.76766353" lon="-122.48748530"><time>2026-09-14T05:43:39.901Z</time></wpt><wpt lat="37.76767852" lon="-122.48751059"><time>2026-09-14T05:43:40.901Z</time></wpt><wpt lat="37.76769350" lon="-122.48753587"><time>2026-09-14T05:43:41.901Z</time></wpt><wpt lat="37.76770849" lon="-122.48756116"><time>2026-09-14T05:43:42.901Z</time></wpt><wpt lat="37.76772347" lon="-122.48758644"><time>2026-09-14T05:43:43.901Z</time></wpt><wpt lat="37.76773845" lon="-122.48761173"><time>2026-09-14T05:43:44.901Z</time></wpt><wpt lat="37.76775344" lon="-122.48763701"><time>2026-09-14T05:43:45.901Z</time></wpt><wpt lat="37.76776842" lon="-122.48766230"><time>2026-09-14T05:43:46.901Z</time></wpt><wpt lat="37.76778341" lon="-122.48768758"><time>2026-09-14T05:43:47.901Z</time></wpt><wpt lat="37.76779839" lon="-122.48771287"><time>2026-09-14T05:43:48.901Z</time></wpt><wpt lat="37.76781338" lon="-122.48773815"><time>2026-09-14T05:43:49.901Z</time></wpt><wpt lat="37.76782836" lon="-122.48776344"><time>2026-09-14T05:43:50.901Z</time></wpt><wpt lat="37.76784334" lon="-122.48778873"><time>2026-09-14T05:43:51.901Z</time></wpt><wpt lat="37.76785833" lon="-122.48781401"><time>2026-09-14T05:43:52.901Z</time></wpt><wpt lat="37.76787331" lon="-122.48783930"><time>2026-09-14T05:43:53.901Z</time></wpt><wpt lat="37.76788830" lon="-122.48786458"><time>2026-09-14T05:43:54.901Z</time></wpt><wpt lat="37.76790328" lon="-122.48788987"><time>2026-09-14T05:43:55.901Z</time></wpt><wpt lat="37.76791827" lon="-122.48791515"><time>2026-09-14T05:43:56.901Z</time></wpt><wpt lat="37.76793325" lon="-122.48794044"><time>2026-09-14T05:43:57.901Z</time></wpt><wpt lat="37.76794824" lon="-122.48796572"><time>2026-09-14T05:43:58.901Z</time></wpt><wpt lat="37.76796322" lon="-122.48799101"><time>2026-09-14T05:43:59.901Z</time></wpt><wpt lat="37.76797820" lon="-122.48801629"><time>2026-09-14T05:44:00.901Z</time></wpt><wpt lat="37.76799319" lon="-122.48804158"><time>2026-09-14T05:44:01.901Z</time></wpt><wpt lat="37.76800817" lon="-122.48806687"><time>2026-09-14T05:44:02.901Z</time></wpt><wpt lat="37.76802316" lon="-122.48809215"><time>2026-09-14T05:44:03.901Z</time></wpt><wpt lat="37.76803814" lon="-122.48811744"><time>2026-09-14T05:44:04.901Z</time></wpt><wpt lat="37.76805313" lon="-122.48814272"><time>2026-09-14T05:44:05.901Z</time></wpt><wpt lat="37.76806811" lon="-122.48816801"><time>2026-09-14T05:44:06.901Z</time></wpt><wpt lat="37.76808309" lon="-122.48819329"><time>2026-09-14T05:44:07.901Z</time></wpt><wpt lat="37.76809808" lon="-122.48821858"><time>2026-09-14T05:44:08.901Z</time></wpt><wpt lat="37.76811306" lon="-122.48824387"><time>2026-09-14T05:44:09.901Z</time></wpt><wpt lat="37.76812805" lon="-122.48826915"><time>2026-09-14T05:44:10.901Z</time></wpt><wpt lat="37.76814303" lon="-122.48829444"><time>2026-09-14T05:44:11.901Z</time></wpt><wpt lat="37.76815801" lon="-122.48831972"><time>2026-09-14T05:44:12.901Z</time></wpt><wpt lat="37.76817300" lon="-122.48834501"><time>2026-09-14T05:44:13.901Z</time></wpt><wpt lat="37.76818798" lon="-122.48837029"><time>2026-09-14T05:44:14.901Z</time></wpt><wpt lat="37.76820297" lon="-122.48839558"><time>2026-09-14T05:44:15.901Z</time></wpt><wpt lat="37.76821795" lon="-122.48842087"><time>2026-09-14T05:44:16.901Z</time></wpt><wpt lat="37.76823294" lon="-122.48844615"><time>2026-09-14T05:44:17.901Z</time></wpt><wpt lat="37.76824792" lon="-122.48847144"><time>2026-09-14T05:44:18.901Z</time></wpt><wpt lat="37.76826290" lon="-122.48849672"><time>2026-09-14T05:44:19.901Z</time></wpt><wpt lat="37.76827789" lon="-122.48852201"><time>2026-09-14T05:44:20.901Z</time></wpt><wpt lat="37.76829287" lon="-122.48854729"><time>2026-09-14T05:44:21.901Z</time></wpt><wpt lat="37.76830786" lon="-122.48857258"><time>2026-09-14T05:44:22.901Z</time></wpt><wpt lat="37.76832284" lon="-122.48859787"><time>2026-09-14T05:44:23.901Z</time></wpt><wpt lat="37.76833783" lon="-122.48862315"><time>2026-09-14T05:44:24.901Z</time></wpt><wpt lat="37.76835281" lon="-122.48864844"><time>2026-09-14T05:44:25.901Z</time></wpt><wpt lat="37.76836779" lon="-122.48867372"><time>2026-09-14T05:44:26.901Z</time></wpt><wpt lat="37.76838278" lon="-122.48869901"><time>2026-09-14T05:44:27.901Z</time></wpt><wpt lat="37.76839776" lon="-122.48872429"><time>2026-09-14T05:44:28.901Z</time></wpt><wpt lat="37.76841275" lon="-122.48874958"><time>2026-09-14T05:44:29.901Z</time></wpt><wpt lat="37.76842773" lon="-122.48877487"><time>2026-09-14T05:44:30.901Z</time></wpt><wpt lat="37.76844271" lon="-122.48880015"><time>2026-09-14T05:44:31.901Z</time></wpt><wpt lat="37.76845770" lon="-122.48882544"><time>2026-09-14T05:44:32.901Z</time></wpt><wpt lat="37.76847268" lon="-122.48885072"><time>2026-09-14T05:44:33.901Z</time></wpt><wpt lat="37.76848767" lon="-122.48887601"><time>2026-09-14T05:44:34.901Z</time></wpt><wpt lat="37.76850265" lon="-122.48890130"><time>2026-09-14T05:44:35.901Z</time></wpt><wpt lat="37.76851764" lon="-122.48892658"><time>2026-09-14T05:44:36.901Z</time></wpt><wpt lat="37.76853262" lon="-122.48895187"><time>2026-09-14T05:44:37.901Z</time></wpt><wpt lat="37.76854760" lon="-122.48897715"><time>2026-09-14T05:44:38.901Z</time></wpt><wpt lat="37.76856259" lon="-122.48900244"><time>2026-09-14T05:44:39.901Z</time></wpt><wpt lat="37.76857757" lon="-122.48902773"><time>2026-09-14T05:44:40.901Z</time></wpt><wpt lat="37.76859256" lon="-122.48905301"><time>2026-09-14T05:44:41.901Z</time></wpt><wpt lat="37.76860754" lon="-122.48907830"><time>2026-09-14T05:44:42.901Z</time></wpt><wpt lat="37.76862252" lon="-122.48910358"><time>2026-09-14T05:44:43.901Z</time></wpt><wpt lat="37.76863751" lon="-122.48912887"><time>2026-09-14T05:44:44.901Z</time></wpt><wpt lat="37.76865249" lon="-122.48915416"><time>2026-09-14T05:44:45.901Z</time></wpt><wpt lat="37.76866748" lon="-122.48917944"><time>2026-09-14T05:44:46.901Z</time></wpt><wpt lat="37.76868246" lon="-122.48920473"><time>2026-09-14T05:44:47.901Z</time></wpt><wpt lat="37.76869744" lon="-122.48923001"><time>2026-09-14T05:44:48.901Z</time></wpt><wpt lat="37.76871243" lon="-122.48925530"><time>2026-09-14T05:44:49.901Z</time></wpt><wpt lat="37.76872741" lon="-122.48928059"><time>2026-09-14T05:44:50.901Z</time></wpt><wpt lat="37.76874240" lon="-122.48930587"><time>2026-09-14T05:44:51.901Z</time></wpt><wpt lat="37.76875738" lon="-122.48933116"><time>2026-09-14T05:44:52.901Z</time></wpt><wpt lat="37.76877236" lon="-122.48935644"><time>2026-09-14T05:44:53.901Z</time></wpt><wpt lat="37.76878735" lon="-122.48938173"><time>2026-09-14T05:44:54.901Z</time></wpt><wpt lat="37.76880233" lon="-122.48940702"><time>2026-09-14T05:44:55.901Z</time></wpt><wpt lat="37.76881732" lon="-122.48943230"><time>2026-09-14T05:44:56.901Z</time></wpt><wpt lat="37.76883230" lon="-122.48945759"><time>2026-09-14T05:44:57.901Z</time></wpt><wpt lat="37.76884728" lon="-122.48948287"><time>2026-09-14T05:44:58.901Z</time></wpt><wpt lat="37.76886227" lon="-122.48950816"><time>2026-09-14T05:44:59.901Z</time></wpt><wpt lat="37.76887725" lon="-122.48953345"><time>2026-09-14T05:45:00.901Z</time></wpt><wpt lat="37.76889224" lon="-122.48955873"><time>2026-09-14T05:45:01.901Z</time></wpt><wpt lat="37.76890722" lon="-122.48958402"><time>2026-09-14T05:45:02.901Z</time></wpt><wpt lat="37.76892220" lon="-122.48960931"><time>2026-09-14T05:45:03.901Z</time></wpt><wpt lat="37.76893719" lon="-122.48963459"><time>2026-09-14T05:45:04.901Z</time></wpt><wpt lat="37.76895217" lon="-122.48965988"><time>2026-09-14T05:45:05.901Z</time></wpt><wpt lat="37.76896716" lon="-122.48968516"><time>2026-09-14T05:45:06.901Z</time></wpt><wpt lat="37.76898214" lon="-122.48971045"><time>2026-09-14T05:45:07.901Z</time></wpt><wpt lat="37.76899712" lon="-122.48973574"><time>2026-09-14T05:45:08.901Z</time></wpt><wpt lat="37.76901211" lon="-122.48976102"><time>2026-09-14T05:45:09.901Z</time></wpt><wpt lat="37.76902709" lon="-122.48978631"><time>2026-09-14T05:45:10.901Z</time></wpt><wpt lat="37.76904208" lon="-122.48981160"><time>2026-09-14T05:45:11.901Z</time></wpt><wpt lat="37.76905706" lon="-122.48983688"><time>2026-09-14T05:45:12.901Z</time></wpt><wpt lat="37.76907204" lon="-122.48986217"><time>2026-09-14T05:45:13.901Z</time></wpt><wpt lat="37.76908703" lon="-122.48988745"><time>2026-09-14T05:45:14.901Z</time></wpt><wpt lat="37.76910201" lon="-122.48991274"><time>2026-09-14T05:45:15.901Z</time></wpt><wpt lat="37.76911700" lon="-122.48993803"><time>2026-09-14T05:45:16.901Z</time></wpt><wpt lat="37.76913198" lon="-122.48996331"><time>2026-09-14T05:45:17.901Z</time></wpt><wpt lat="37.76914696" lon="-122.48998860"><time>2026-09-14T05:45:18.901Z</time></wpt><wpt lat="37.76916195" lon="-122.49001389"><time>2026-09-14T05:45:19.901Z</time></wpt><wpt lat="37.76917693" lon="-122.49003917"><time>2026-09-14T05:45:20.901Z</time></wpt><wpt lat="37.76919191" lon="-122.49006446"><time>2026-09-14T05:45:21.901Z</time></wpt><wpt lat="37.76920690" lon="-122.49008975"><time>2026-09-14T05:45:22.901Z</time></wpt><wpt lat="37.76922188" lon="-122.49011503"><time>2026-09-14T05:45:23.901Z</time></wpt><wpt lat="37.76923687" lon="-122.49014032"><time>2026-09-14T05:45:24.901Z</time></wpt><wpt lat="37.76925185" lon="-122.49016560"><time>2026-09-14T05:45:25.901Z</time></wpt><wpt lat="37.76926683" lon="-122.49019089"><time>2026-09-14T05:45:26.901Z</time></wpt><wpt lat="37.76928182" lon="-122.49021618"><time>2026-09-14T05:45:27.901Z</time></wpt><wpt lat="37.76929680" lon="-122.49024146"><time>2026-09-14T05:45:28.901Z</time></wpt><wpt lat="37.76931179" lon="-122.49026675"><time>2026-09-14T05:45:29.901Z</time></wpt><wpt lat="37.76932677" lon="-122.49029204"><time>2026-09-14T05:45:30.901Z</time></wpt><wpt lat="37.76934175" lon="-122.49031732"><time>2026-09-14T05:45:31.901Z</time></wpt><wpt lat="37.76935674" lon="-122.49034261"><time>2026-09-14T05:45:32.901Z</time></wpt><wpt lat="37.76937172" lon="-122.49036790"><time>2026-09-14T05:45:33.901Z</time></wpt><wpt lat="37.76938670" lon="-122.49039318"><time>2026-09-14T05:45:34.901Z</time></wpt><wpt lat="37.76940169" lon="-122.49041847"><time>2026-09-14T05:45:35.901Z</time></wpt><wpt lat="37.76941667" lon="-122.49044376"><time>2026-09-14T05:45:36.901Z</time></wpt><wpt lat="37.76943166" lon="-122.49046904"><time>2026-09-14T05:45:37.901Z</time></wpt><wpt lat="37.76944664" lon="-122.49049433"><time>2026-09-14T05:45:38.901Z</time></wpt><wpt lat="37.76945000" lon="-122.49050000"><time>2026-09-14T05:45:39.125Z</time></wpt><trk><name>Sample park run — direct segments</name><trkseg><trkpt lat="37.76945000" lon="-122.49050000"><time>2026-09-14T05:31:31.901Z</time></trkpt><trkpt lat="37.76946228" lon="-122.49047248"><time>2026-09-14T05:31:32.901Z</time></trkpt><trkpt lat="37.76947456" lon="-122.49044496"><time>2026-09-14T05:31:33.901Z</time></trkpt><trkpt lat="37.76948684" lon="-122.49041744"><time>2026-09-14T05:31:34.901Z</time></trkpt><trkpt lat="37.76949912" lon="-122.49038992"><time>2026-09-14T05:31:35.901Z</time></trkpt><trkpt lat="37.76951140" lon="-122.49036239"><time>2026-09-14T05:31:36.901Z</time></trkpt><trkpt lat="37.76952368" lon="-122.49033487"><time>2026-09-14T05:31:37.901Z</time></trkpt><trkpt lat="37.76953595" lon="-122.49030735"><time>2026-09-14T05:31:38.901Z</time></trkpt><trkpt lat="37.76954823" lon="-122.49027983"><time>2026-09-14T05:31:39.901Z</time></trkpt><trkpt lat="37.76956051" lon="-122.49025231"><time>2026-09-14T05:31:40.901Z</time></trkpt><trkpt lat="37.76957279" lon="-122.49022479"><time>2026-09-14T05:31:41.901Z</time></trkpt><trkpt lat="37.76958507" lon="-122.49019727"><time>2026-09-14T05:31:42.901Z</time></trkpt><trkpt lat="37.76959735" lon="-122.49016975"><time>2026-09-14T05:31:43.901Z</time></trkpt><trkpt lat="37.76960963" lon="-122.49014223"><time>2026-09-14T05:31:44.901Z</time></trkpt><trkpt lat="37.76962191" lon="-122.49011470"><time>2026-09-14T05:31:45.901Z</time></trkpt><trkpt lat="37.76963419" lon="-122.49008718"><time>2026-09-14T05:31:46.901Z</time></trkpt><trkpt lat="37.76964647" lon="-122.49005966"><time>2026-09-14T05:31:47.901Z</time></trkpt><trkpt lat="37.76965875" lon="-122.49003214"><time>2026-09-14T05:31:48.901Z</time></trkpt><trkpt lat="37.76967103" lon="-122.49000462"><time>2026-09-14T05:31:49.901Z</time></trkpt><trkpt lat="37.76968330" lon="-122.48997710"><time>2026-09-14T05:31:50.901Z</time></trkpt><trkpt lat="37.76969558" lon="-122.48994958"><time>2026-09-14T05:31:51.901Z</time></trkpt><trkpt lat="37.76970786" lon="-122.48992206"><time>2026-09-14T05:31:52.901Z</time></trkpt><trkpt lat="37.76972014" lon="-122.48989453"><time>2026-09-14T05:31:53.901Z</time></trkpt><trkpt lat="37.76973242" lon="-122.48986701"><time>2026-09-14T05:31:54.901Z</time></trkpt><trkpt lat="37.76974470" lon="-122.48983949"><time>2026-09-14T05:31:55.901Z</time></trkpt><trkpt lat="37.76975698" lon="-122.48981197"><time>2026-09-14T05:31:56.901Z</time></trkpt><trkpt lat="37.76976926" lon="-122.48978445"><time>2026-09-14T05:31:57.901Z</time></trkpt><trkpt lat="37.76978154" lon="-122.48975693"><time>2026-09-14T05:31:58.901Z</time></trkpt><trkpt lat="37.76979382" lon="-122.48972941"><time>2026-09-14T05:31:59.901Z</time></trkpt><trkpt lat="37.76980610" lon="-122.48970188"><time>2026-09-14T05:32:00.901Z</time></trkpt><trkpt lat="37.76981837" lon="-122.48967436"><time>2026-09-14T05:32:01.901Z</time></trkpt><trkpt lat="37.76983065" lon="-122.48964684"><time>2026-09-14T05:32:02.901Z</time></trkpt><trkpt lat="37.76984293" lon="-122.48961932"><time>2026-09-14T05:32:03.901Z</time></trkpt><trkpt lat="37.76985521" lon="-122.48959180"><time>2026-09-14T05:32:04.901Z</time></trkpt><trkpt lat="37.76986749" lon="-122.48956428"><time>2026-09-14T05:32:05.901Z</time></trkpt><trkpt lat="37.76987977" lon="-122.48953676"><time>2026-09-14T05:32:06.901Z</time></trkpt><trkpt lat="37.76989205" lon="-122.48950924"><time>2026-09-14T05:32:07.901Z</time></trkpt><trkpt lat="37.76990433" lon="-122.48948171"><time>2026-09-14T05:32:08.901Z</time></trkpt><trkpt lat="37.76991661" lon="-122.48945419"><time>2026-09-14T05:32:09.901Z</time></trkpt><trkpt lat="37.76992889" lon="-122.48942667"><time>2026-09-14T05:32:10.901Z</time></trkpt><trkpt lat="37.76994117" lon="-122.48939915"><time>2026-09-14T05:32:11.901Z</time></trkpt><trkpt lat="37.76995344" lon="-122.48937163"><time>2026-09-14T05:32:12.901Z</time></trkpt><trkpt lat="37.76996572" lon="-122.48934411"><time>2026-09-14T05:32:13.901Z</time></trkpt><trkpt lat="37.76997800" lon="-122.48931658"><time>2026-09-14T05:32:14.901Z</time></trkpt><trkpt lat="37.76999028" lon="-122.48928906"><time>2026-09-14T05:32:15.901Z</time></trkpt><trkpt lat="37.77000256" lon="-122.48926154"><time>2026-09-14T05:32:16.901Z</time></trkpt><trkpt lat="37.77001484" lon="-122.48923402"><time>2026-09-14T05:32:17.901Z</time></trkpt><trkpt lat="37.77002712" lon="-122.48920650"><time>2026-09-14T05:32:18.901Z</time></trkpt><trkpt lat="37.77003940" lon="-122.48917898"><time>2026-09-14T05:32:19.901Z</time></trkpt><trkpt lat="37.77005168" lon="-122.48915146"><time>2026-09-14T05:32:20.901Z</time></trkpt><trkpt lat="37.77006395" lon="-122.48912393"><time>2026-09-14T05:32:21.901Z</time></trkpt><trkpt lat="37.77007623" lon="-122.48909641"><time>2026-09-14T05:32:22.901Z</time></trkpt><trkpt lat="37.77008851" lon="-122.48906889"><time>2026-09-14T05:32:23.901Z</time></trkpt><trkpt lat="37.77010079" lon="-122.48904137"><time>2026-09-14T05:32:24.901Z</time></trkpt><trkpt lat="37.77011307" lon="-122.48901385"><time>2026-09-14T05:32:25.901Z</time></trkpt><trkpt lat="37.77012535" lon="-122.48898633"><time>2026-09-14T05:32:26.901Z</time></trkpt><trkpt lat="37.77013763" lon="-122.48895880"><time>2026-09-14T05:32:27.901Z</time></trkpt><trkpt lat="37.77014991" lon="-122.48893128"><time>2026-09-14T05:32:28.901Z</time></trkpt><trkpt lat="37.77016219" lon="-122.48890376"><time>2026-09-14T05:32:29.901Z</time></trkpt><trkpt lat="37.77017446" lon="-122.48887624"><time>2026-09-14T05:32:30.901Z</time></trkpt><trkpt lat="37.77018674" lon="-122.48884872"><time>2026-09-14T05:32:31.901Z</time></trkpt><trkpt lat="37.77019902" lon="-122.48882120"><time>2026-09-14T05:32:32.901Z</time></trkpt><trkpt lat="37.77021130" lon="-122.48879368"><time>2026-09-14T05:32:33.901Z</time></trkpt><trkpt lat="37.77022358" lon="-122.48876615"><time>2026-09-14T05:32:34.901Z</time></trkpt><trkpt lat="37.77023586" lon="-122.48873863"><time>2026-09-14T05:32:35.901Z</time></trkpt><trkpt lat="37.77024814" lon="-122.48871111"><time>2026-09-14T05:32:36.901Z</time></trkpt><trkpt lat="37.77026042" lon="-122.48868359"><time>2026-09-14T05:32:37.901Z</time></trkpt><trkpt lat="37.77027270" lon="-122.48865607"><time>2026-09-14T05:32:38.901Z</time></trkpt><trkpt lat="37.77028497" lon="-122.48862855"><time>2026-09-14T05:32:39.901Z</time></trkpt><trkpt lat="37.77029725" lon="-122.48860102"><time>2026-09-14T05:32:40.901Z</time></trkpt><trkpt lat="37.77030953" lon="-122.48857350"><time>2026-09-14T05:32:41.901Z</time></trkpt><trkpt lat="37.77032181" lon="-122.48854598"><time>2026-09-14T05:32:42.901Z</time></trkpt><trkpt lat="37.77033409" lon="-122.48851846"><time>2026-09-14T05:32:43.901Z</time></trkpt><trkpt lat="37.77034637" lon="-122.48849094"><time>2026-09-14T05:32:44.901Z</time></trkpt><trkpt lat="37.77035865" lon="-122.48846341"><time>2026-09-14T05:32:45.901Z</time></trkpt><trkpt lat="37.77037093" lon="-122.48843589"><time>2026-09-14T05:32:46.901Z</time></trkpt><trkpt lat="37.77038321" lon="-122.48840837"><time>2026-09-14T05:32:47.901Z</time></trkpt><trkpt lat="37.77039548" lon="-122.48838085"><time>2026-09-14T05:32:48.901Z</time></trkpt><trkpt lat="37.77040776" lon="-122.48835333"><time>2026-09-14T05:32:49.901Z</time></trkpt><trkpt lat="37.77042004" lon="-122.48832581"><time>2026-09-14T05:32:50.901Z</time></trkpt><trkpt lat="37.77043232" lon="-122.48829828"><time>2026-09-14T05:32:51.901Z</time></trkpt><trkpt lat="37.77044460" lon="-122.48827076"><time>2026-09-14T05:32:52.901Z</time></trkpt><trkpt lat="37.77045688" lon="-122.48824324"><time>2026-09-14T05:32:53.901Z</time></trkpt><trkpt lat="37.77046916" lon="-122.48821572"><time>2026-09-14T05:32:54.901Z</time></trkpt><trkpt lat="37.77048143" lon="-122.48818820"><time>2026-09-14T05:32:55.901Z</time></trkpt><trkpt lat="37.77049371" lon="-122.48816067"><time>2026-09-14T05:32:56.901Z</time></trkpt><trkpt lat="37.77050599" lon="-122.48813315"><time>2026-09-14T05:32:57.901Z</time></trkpt><trkpt lat="37.77051827" lon="-122.48810563"><time>2026-09-14T05:32:58.901Z</time></trkpt><trkpt lat="37.77053055" lon="-122.48807811"><time>2026-09-14T05:32:59.901Z</time></trkpt><trkpt lat="37.77054283" lon="-122.48805059"><time>2026-09-14T05:33:00.901Z</time></trkpt><trkpt lat="37.77055511" lon="-122.48802307"><time>2026-09-14T05:33:01.901Z</time></trkpt><trkpt lat="37.77056739" lon="-122.48799554"><time>2026-09-14T05:33:02.901Z</time></trkpt><trkpt lat="37.77057966" lon="-122.48796802"><time>2026-09-14T05:33:03.901Z</time></trkpt><trkpt lat="37.77059194" lon="-122.48794050"><time>2026-09-14T05:33:04.901Z</time></trkpt><trkpt lat="37.77060422" lon="-122.48791298"><time>2026-09-14T05:33:05.901Z</time></trkpt><trkpt lat="37.77061650" lon="-122.48788546"><time>2026-09-14T05:33:06.901Z</time></trkpt><trkpt lat="37.77062878" lon="-122.48785793"><time>2026-09-14T05:33:07.901Z</time></trkpt><trkpt lat="37.77064106" lon="-122.48783041"><time>2026-09-14T05:33:08.901Z</time></trkpt><trkpt lat="37.77065334" lon="-122.48780289"><time>2026-09-14T05:33:09.901Z</time></trkpt><trkpt lat="37.77066562" lon="-122.48777537"><time>2026-09-14T05:33:10.901Z</time></trkpt><trkpt lat="37.77067789" lon="-122.48774785"><time>2026-09-14T05:33:11.901Z</time></trkpt><trkpt lat="37.77069017" lon="-122.48772032"><time>2026-09-14T05:33:12.901Z</time></trkpt><trkpt lat="37.77070245" lon="-122.48769280"><time>2026-09-14T05:33:13.901Z</time></trkpt><trkpt lat="37.77071473" lon="-122.48766528"><time>2026-09-14T05:33:14.901Z</time></trkpt><trkpt lat="37.77072701" lon="-122.48763776"><time>2026-09-14T05:33:15.901Z</time></trkpt><trkpt lat="37.77073929" lon="-122.48761024"><time>2026-09-14T05:33:16.901Z</time></trkpt><trkpt lat="37.77075157" lon="-122.48758271"><time>2026-09-14T05:33:17.901Z</time></trkpt><trkpt lat="37.77076384" lon="-122.48755519"><time>2026-09-14T05:33:18.901Z</time></trkpt><trkpt lat="37.77077612" lon="-122.48752767"><time>2026-09-14T05:33:19.901Z</time></trkpt><trkpt lat="37.77078840" lon="-122.48750015"><time>2026-09-14T05:33:20.901Z</time></trkpt><trkpt lat="37.77080068" lon="-122.48747263"><time>2026-09-14T05:33:21.901Z</time></trkpt><trkpt lat="37.77081296" lon="-122.48744510"><time>2026-09-14T05:33:22.901Z</time></trkpt><trkpt lat="37.77082524" lon="-122.48741758"><time>2026-09-14T05:33:23.901Z</time></trkpt><trkpt lat="37.77083752" lon="-122.48739006"><time>2026-09-14T05:33:24.901Z</time></trkpt><trkpt lat="37.77084979" lon="-122.48736254"><time>2026-09-14T05:33:25.901Z</time></trkpt><trkpt lat="37.77086207" lon="-122.48733501"><time>2026-09-14T05:33:26.901Z</time></trkpt><trkpt lat="37.77087435" lon="-122.48730749"><time>2026-09-14T05:33:27.901Z</time></trkpt><trkpt lat="37.77088663" lon="-122.48727997"><time>2026-09-14T05:33:28.901Z</time></trkpt><trkpt lat="37.77089891" lon="-122.48725245"><time>2026-09-14T05:33:29.901Z</time></trkpt><trkpt lat="37.77090000" lon="-122.48725000"><time>2026-09-14T05:33:29.990Z</time></trkpt><trkpt lat="37.77090468" lon="-122.48722182"><time>2026-09-14T05:33:30.901Z</time></trkpt><trkpt lat="37.77090981" lon="-122.48719090"><time>2026-09-14T05:33:31.901Z</time></trkpt><trkpt lat="37.77091495" lon="-122.48715997"><time>2026-09-14T05:33:32.901Z</time></trkpt><trkpt lat="37.77092008" lon="-122.48712904"><time>2026-09-14T05:33:33.901Z</time></trkpt><trkpt lat="37.77092522" lon="-122.48709811"><time>2026-09-14T05:33:34.901Z</time></trkpt><trkpt lat="37.77093035" lon="-122.48706718"><time>2026-09-14T05:33:35.901Z</time></trkpt><trkpt lat="37.77093549" lon="-122.48703625"><time>2026-09-14T05:33:36.901Z</time></trkpt><trkpt lat="37.77094063" lon="-122.48700533"><time>2026-09-14T05:33:37.901Z</time></trkpt><trkpt lat="37.77094576" lon="-122.48697440"><time>2026-09-14T05:33:38.901Z</time></trkpt><trkpt lat="37.77095090" lon="-122.48694347"><time>2026-09-14T05:33:39.901Z</time></trkpt><trkpt lat="37.77095603" lon="-122.48691254"><time>2026-09-14T05:33:40.901Z</time></trkpt><trkpt lat="37.77096117" lon="-122.48688161"><time>2026-09-14T05:33:41.901Z</time></trkpt><trkpt lat="37.77096630" lon="-122.48685069"><time>2026-09-14T05:33:42.901Z</time></trkpt><trkpt lat="37.77097144" lon="-122.48681976"><time>2026-09-14T05:33:43.901Z</time></trkpt><trkpt lat="37.77097657" lon="-122.48678883"><time>2026-09-14T05:33:44.901Z</time></trkpt><trkpt lat="37.77098171" lon="-122.48675790"><time>2026-09-14T05:33:45.901Z</time></trkpt><trkpt lat="37.77098684" lon="-122.48672697"><time>2026-09-14T05:33:46.901Z</time></trkpt><trkpt lat="37.77099198" lon="-122.48669605"><time>2026-09-14T05:33:47.901Z</time></trkpt><trkpt lat="37.77099711" lon="-122.48666512"><time>2026-09-14T05:33:48.901Z</time></trkpt><trkpt lat="37.77100225" lon="-122.48663419"><time>2026-09-14T05:33:49.901Z</time></trkpt><trkpt lat="37.77100738" lon="-122.48660326"><time>2026-09-14T05:33:50.901Z</time></trkpt><trkpt lat="37.77101252" lon="-122.48657233"><time>2026-09-14T05:33:51.901Z</time></trkpt><trkpt lat="37.77101765" lon="-122.48654140"><time>2026-09-14T05:33:52.901Z</time></trkpt><trkpt lat="37.77102279" lon="-122.48651048"><time>2026-09-14T05:33:53.901Z</time></trkpt><trkpt lat="37.77102792" lon="-122.48647955"><time>2026-09-14T05:33:54.901Z</time></trkpt><trkpt lat="37.77103306" lon="-122.48644862"><time>2026-09-14T05:33:55.901Z</time></trkpt><trkpt lat="37.77103819" lon="-122.48641769"><time>2026-09-14T05:33:56.901Z</time></trkpt><trkpt lat="37.77104333" lon="-122.48638676"><time>2026-09-14T05:33:57.901Z</time></trkpt><trkpt lat="37.77104846" lon="-122.48635584"><time>2026-09-14T05:33:58.901Z</time></trkpt><trkpt lat="37.77105360" lon="-122.48632491"><time>2026-09-14T05:33:59.901Z</time></trkpt><trkpt lat="37.77105873" lon="-122.48629398"><time>2026-09-14T05:34:00.901Z</time></trkpt><trkpt lat="37.77106387" lon="-122.48626305"><time>2026-09-14T05:34:01.901Z</time></trkpt><trkpt lat="37.77106900" lon="-122.48623212"><time>2026-09-14T05:34:02.901Z</time></trkpt><trkpt lat="37.77107414" lon="-122.48620119"><time>2026-09-14T05:34:03.901Z</time></trkpt><trkpt lat="37.77107927" lon="-122.48617027"><time>2026-09-14T05:34:04.901Z</time></trkpt><trkpt lat="37.77108441" lon="-122.48613934"><time>2026-09-14T05:34:05.901Z</time></trkpt><trkpt lat="37.77108954" lon="-122.48610841"><time>2026-09-14T05:34:06.901Z</time></trkpt><trkpt lat="37.77109468" lon="-122.48607748"><time>2026-09-14T05:34:07.901Z</time></trkpt><trkpt lat="37.77109981" lon="-122.48604655"><time>2026-09-14T05:34:08.901Z</time></trkpt><trkpt lat="37.77110495" lon="-122.48601562"><time>2026-09-14T05:34:09.901Z</time></trkpt><trkpt lat="37.77111008" lon="-122.48598470"><time>2026-09-14T05:34:10.901Z</time></trkpt><trkpt lat="37.77111522" lon="-122.48595377"><time>2026-09-14T05:34:11.901Z</time></trkpt><trkpt lat="37.77112035" lon="-122.48592284"><time>2026-09-14T05:34:12.901Z</time></trkpt><trkpt lat="37.77112549" lon="-122.48589191"><time>2026-09-14T05:34:13.901Z</time></trkpt><trkpt lat="37.77113062" lon="-122.48586098"><time>2026-09-14T05:34:14.901Z</time></trkpt><trkpt lat="37.77113576" lon="-122.48583005"><time>2026-09-14T05:34:15.901Z</time></trkpt><trkpt lat="37.77114089" lon="-122.48579913"><time>2026-09-14T05:34:16.901Z</time></trkpt><trkpt lat="37.77114603" lon="-122.48576820"><time>2026-09-14T05:34:17.901Z</time></trkpt><trkpt lat="37.77115116" lon="-122.48573727"><time>2026-09-14T05:34:18.901Z</time></trkpt><trkpt lat="37.77115630" lon="-122.48570634"><time>2026-09-14T05:34:19.901Z</time></trkpt><trkpt lat="37.77116143" lon="-122.48567541"><time>2026-09-14T05:34:20.901Z</time></trkpt><trkpt lat="37.77116657" lon="-122.48564449"><time>2026-09-14T05:34:21.901Z</time></trkpt><trkpt lat="37.77117170" lon="-122.48561356"><time>2026-09-14T05:34:22.901Z</time></trkpt><trkpt lat="37.77117684" lon="-122.48558263"><time>2026-09-14T05:34:23.901Z</time></trkpt><trkpt lat="37.77118197" lon="-122.48555170"><time>2026-09-14T05:34:24.901Z</time></trkpt><trkpt lat="37.77118711" lon="-122.48552077"><time>2026-09-14T05:34:25.901Z</time></trkpt><trkpt lat="37.77119224" lon="-122.48548984"><time>2026-09-14T05:34:26.901Z</time></trkpt><trkpt lat="37.77119738" lon="-122.48545892"><time>2026-09-14T05:34:27.901Z</time></trkpt><trkpt lat="37.77120251" lon="-122.48542799"><time>2026-09-14T05:34:28.901Z</time></trkpt><trkpt lat="37.77120765" lon="-122.48539706"><time>2026-09-14T05:34:29.901Z</time></trkpt><trkpt lat="37.77121278" lon="-122.48536613"><time>2026-09-14T05:34:30.901Z</time></trkpt><trkpt lat="37.77121791" lon="-122.48533520"><time>2026-09-14T05:34:31.901Z</time></trkpt><trkpt lat="37.77122305" lon="-122.48530427"><time>2026-09-14T05:34:32.901Z</time></trkpt><trkpt lat="37.77122818" lon="-122.48527335"><time>2026-09-14T05:34:33.901Z</time></trkpt><trkpt lat="37.77123332" lon="-122.48524242"><time>2026-09-14T05:34:34.901Z</time></trkpt><trkpt lat="37.77123845" lon="-122.48521149"><time>2026-09-14T05:34:35.901Z</time></trkpt><trkpt lat="37.77124359" lon="-122.48518056"><time>2026-09-14T05:34:36.901Z</time></trkpt><trkpt lat="37.77124872" lon="-122.48514963"><time>2026-09-14T05:34:37.901Z</time></trkpt><trkpt lat="37.77125386" lon="-122.48511870"><time>2026-09-14T05:34:38.901Z</time></trkpt><trkpt lat="37.77125899" lon="-122.48508777"><time>2026-09-14T05:34:39.901Z</time></trkpt><trkpt lat="37.77126413" lon="-122.48505685"><time>2026-09-14T05:34:40.901Z</time></trkpt><trkpt lat="37.77126926" lon="-122.48502592"><time>2026-09-14T05:34:41.901Z</time></trkpt><trkpt lat="37.77127440" lon="-122.48499499"><time>2026-09-14T05:34:42.901Z</time></trkpt><trkpt lat="37.77127953" lon="-122.48496406"><time>2026-09-14T05:34:43.901Z</time></trkpt><trkpt lat="37.77128467" lon="-122.48493313"><time>2026-09-14T05:34:44.901Z</time></trkpt><trkpt lat="37.77128980" lon="-122.48490220"><time>2026-09-14T05:34:45.901Z</time></trkpt><trkpt lat="37.77129494" lon="-122.48487128"><time>2026-09-14T05:34:46.901Z</time></trkpt><trkpt lat="37.77130007" lon="-122.48484035"><time>2026-09-14T05:34:47.901Z</time></trkpt><trkpt lat="37.77130520" lon="-122.48480942"><time>2026-09-14T05:34:48.901Z</time></trkpt><trkpt lat="37.77131034" lon="-122.48477849"><time>2026-09-14T05:34:49.901Z</time></trkpt><trkpt lat="37.77131547" lon="-122.48474756"><time>2026-09-14T05:34:50.901Z</time></trkpt><trkpt lat="37.77132061" lon="-122.48471663"><time>2026-09-14T05:34:51.901Z</time></trkpt><trkpt lat="37.77132574" lon="-122.48468571"><time>2026-09-14T05:34:52.901Z</time></trkpt><trkpt lat="37.77133088" lon="-122.48465478"><time>2026-09-14T05:34:53.901Z</time></trkpt><trkpt lat="37.77133601" lon="-122.48462385"><time>2026-09-14T05:34:54.901Z</time></trkpt><trkpt lat="37.77134115" lon="-122.48459292"><time>2026-09-14T05:34:55.901Z</time></trkpt><trkpt lat="37.77134628" lon="-122.48456199"><time>2026-09-14T05:34:56.901Z</time></trkpt><trkpt lat="37.77135142" lon="-122.48453106"><time>2026-09-14T05:34:57.901Z</time></trkpt><trkpt lat="37.77135655" lon="-122.48450013"><time>2026-09-14T05:34:58.901Z</time></trkpt><trkpt lat="37.77136169" lon="-122.48446921"><time>2026-09-14T05:34:59.901Z</time></trkpt><trkpt lat="37.77136682" lon="-122.48443828"><time>2026-09-14T05:35:00.901Z</time></trkpt><trkpt lat="37.77137195" lon="-122.48440735"><time>2026-09-14T05:35:01.901Z</time></trkpt><trkpt lat="37.77137709" lon="-122.48437642"><time>2026-09-14T05:35:02.901Z</time></trkpt><trkpt lat="37.77138222" lon="-122.48434549"><time>2026-09-14T05:35:03.901Z</time></trkpt><trkpt lat="37.77138736" lon="-122.48431456"><time>2026-09-14T05:35:04.901Z</time></trkpt><trkpt lat="37.77139249" lon="-122.48428364"><time>2026-09-14T05:35:05.901Z</time></trkpt><trkpt lat="37.77139763" lon="-122.48425271"><time>2026-09-14T05:35:06.901Z</time></trkpt><trkpt lat="37.77140276" lon="-122.48422178"><time>2026-09-14T05:35:07.901Z</time></trkpt><trkpt lat="37.77140790" lon="-122.48419085"><time>2026-09-14T05:35:08.901Z</time></trkpt><trkpt lat="37.77141303" lon="-122.48415992"><time>2026-09-14T05:35:09.901Z</time></trkpt><trkpt lat="37.77141816" lon="-122.48412899"><time>2026-09-14T05:35:10.901Z</time></trkpt><trkpt lat="37.77142330" lon="-122.48409806"><time>2026-09-14T05:35:11.901Z</time></trkpt><trkpt lat="37.77142843" lon="-122.48406714"><time>2026-09-14T05:35:12.901Z</time></trkpt><trkpt lat="37.77143357" lon="-122.48403621"><time>2026-09-14T05:35:13.901Z</time></trkpt><trkpt lat="37.77143870" lon="-122.48400528"><time>2026-09-14T05:35:14.901Z</time></trkpt><trkpt lat="37.77144384" lon="-122.48397435"><time>2026-09-14T05:35:15.901Z</time></trkpt><trkpt lat="37.77144897" lon="-122.48394342"><time>2026-09-14T05:35:16.901Z</time></trkpt><trkpt lat="37.77145411" lon="-122.48391249"><time>2026-09-14T05:35:17.901Z</time></trkpt><trkpt lat="37.77145924" lon="-122.48388156"><time>2026-09-14T05:35:18.901Z</time></trkpt><trkpt lat="37.77146437" lon="-122.48385064"><time>2026-09-14T05:35:19.901Z</time></trkpt><trkpt lat="37.77146951" lon="-122.48381971"><time>2026-09-14T05:35:20.901Z</time></trkpt><trkpt lat="37.77147464" lon="-122.48378878"><time>2026-09-14T05:35:21.901Z</time></trkpt><trkpt lat="37.77147978" lon="-122.48375785"><time>2026-09-14T05:35:22.901Z</time></trkpt><trkpt lat="37.77148491" lon="-122.48372692"><time>2026-09-14T05:35:23.901Z</time></trkpt><trkpt lat="37.77149005" lon="-122.48369599"><time>2026-09-14T05:35:24.901Z</time></trkpt><trkpt lat="37.77149518" lon="-122.48366506"><time>2026-09-14T05:35:25.901Z</time></trkpt><trkpt lat="37.77150031" lon="-122.48363414"><time>2026-09-14T05:35:26.901Z</time></trkpt><trkpt lat="37.77150545" lon="-122.48360321"><time>2026-09-14T05:35:27.901Z</time></trkpt><trkpt lat="37.77151058" lon="-122.48357228"><time>2026-09-14T05:35:28.901Z</time></trkpt><trkpt lat="37.77151572" lon="-122.48354135"><time>2026-09-14T05:35:29.901Z</time></trkpt><trkpt lat="37.77152085" lon="-122.48351042"><time>2026-09-14T05:35:30.901Z</time></trkpt><trkpt lat="37.77152599" lon="-122.48347949"><time>2026-09-14T05:35:31.901Z</time></trkpt><trkpt lat="37.77153112" lon="-122.48344856"><time>2026-09-14T05:35:32.901Z</time></trkpt><trkpt lat="37.77153625" lon="-122.48341764"><time>2026-09-14T05:35:33.901Z</time></trkpt><trkpt lat="37.77154139" lon="-122.48338671"><time>2026-09-14T05:35:34.901Z</time></trkpt><trkpt lat="37.77154652" lon="-122.48335578"><time>2026-09-14T05:35:35.901Z</time></trkpt><trkpt lat="37.77155166" lon="-122.48332485"><time>2026-09-14T05:35:36.901Z</time></trkpt><trkpt lat="37.77155679" lon="-122.48329392"><time>2026-09-14T05:35:37.901Z</time></trkpt><trkpt lat="37.77156193" lon="-122.48326299"><time>2026-09-14T05:35:38.901Z</time></trkpt><trkpt lat="37.77156706" lon="-122.48323206"><time>2026-09-14T05:35:39.901Z</time></trkpt><trkpt lat="37.77157219" lon="-122.48320114"><time>2026-09-14T05:35:40.901Z</time></trkpt><trkpt lat="37.77157733" lon="-122.48317021"><time>2026-09-14T05:35:41.901Z</time></trkpt><trkpt lat="37.77158246" lon="-122.48313928"><time>2026-09-14T05:35:42.901Z</time></trkpt><trkpt lat="37.77158760" lon="-122.48310835"><time>2026-09-14T05:35:43.901Z</time></trkpt><trkpt lat="37.77159273" lon="-122.48307742"><time>2026-09-14T05:35:44.901Z</time></trkpt><trkpt lat="37.77159787" lon="-122.48304649"><time>2026-09-14T05:35:45.901Z</time></trkpt><trkpt lat="37.77160300" lon="-122.48301556"><time>2026-09-14T05:35:46.901Z</time></trkpt><trkpt lat="37.77160813" lon="-122.48298463"><time>2026-09-14T05:35:47.901Z</time></trkpt><trkpt lat="37.77161327" lon="-122.48295371"><time>2026-09-14T05:35:48.901Z</time></trkpt><trkpt lat="37.77161840" lon="-122.48292278"><time>2026-09-14T05:35:49.901Z</time></trkpt><trkpt lat="37.77162354" lon="-122.48289185"><time>2026-09-14T05:35:50.901Z</time></trkpt><trkpt lat="37.77162867" lon="-122.48286092"><time>2026-09-14T05:35:51.901Z</time></trkpt><trkpt lat="37.77163380" lon="-122.48282999"><time>2026-09-14T05:35:52.901Z</time></trkpt><trkpt lat="37.77163894" lon="-122.48279906"><time>2026-09-14T05:35:53.901Z</time></trkpt><trkpt lat="37.77164407" lon="-122.48276813"><time>2026-09-14T05:35:54.901Z</time></trkpt><trkpt lat="37.77164921" lon="-122.48273721"><time>2026-09-14T05:35:55.901Z</time></trkpt><trkpt lat="37.77165434" lon="-122.48270628"><time>2026-09-14T05:35:56.901Z</time></trkpt><trkpt lat="37.77165948" lon="-122.48267535"><time>2026-09-14T05:35:57.901Z</time></trkpt><trkpt lat="37.77166461" lon="-122.48264442"><time>2026-09-14T05:35:58.901Z</time></trkpt><trkpt lat="37.77166974" lon="-122.48261349"><time>2026-09-14T05:35:59.901Z</time></trkpt><trkpt lat="37.77167488" lon="-122.48258256"><time>2026-09-14T05:36:00.901Z</time></trkpt><trkpt lat="37.77168001" lon="-122.48255163"><time>2026-09-14T05:36:01.901Z</time></trkpt><trkpt lat="37.77168515" lon="-122.48252070"><time>2026-09-14T05:36:02.901Z</time></trkpt><trkpt lat="37.77169028" lon="-122.48248978"><time>2026-09-14T05:36:03.901Z</time></trkpt><trkpt lat="37.77169541" lon="-122.48245885"><time>2026-09-14T05:36:04.901Z</time></trkpt><trkpt lat="37.77170055" lon="-122.48242792"><time>2026-09-14T05:36:05.901Z</time></trkpt><trkpt lat="37.77170568" lon="-122.48239699"><time>2026-09-14T05:36:06.901Z</time></trkpt><trkpt lat="37.77171082" lon="-122.48236606"><time>2026-09-14T05:36:07.901Z</time></trkpt><trkpt lat="37.77171595" lon="-122.48233513"><time>2026-09-14T05:36:08.901Z</time></trkpt><trkpt lat="37.77172108" lon="-122.48230420"><time>2026-09-14T05:36:09.901Z</time></trkpt><trkpt lat="37.77172622" lon="-122.48227327"><time>2026-09-14T05:36:10.901Z</time></trkpt><trkpt lat="37.77173135" lon="-122.48224235"><time>2026-09-14T05:36:11.901Z</time></trkpt><trkpt lat="37.77173649" lon="-122.48221142"><time>2026-09-14T05:36:12.901Z</time></trkpt><trkpt lat="37.77174162" lon="-122.48218049"><time>2026-09-14T05:36:13.901Z</time></trkpt><trkpt lat="37.77174675" lon="-122.48214956"><time>2026-09-14T05:36:14.901Z</time></trkpt><trkpt lat="37.77175000" lon="-122.48213000"><time>2026-09-14T05:36:15.533Z</time></trkpt><trkpt lat="37.77174561" lon="-122.48211979"><time>2026-09-14T05:36:15.901Z</time></trkpt><trkpt lat="37.77173368" lon="-122.48209203"><time>2026-09-14T05:36:16.901Z</time></trkpt><trkpt lat="37.77172174" lon="-122.48206427"><time>2026-09-14T05:36:17.901Z</time></trkpt><trkpt lat="37.77170981" lon="-122.48203650"><time>2026-09-14T05:36:18.901Z</time></trkpt><trkpt lat="37.77169788" lon="-122.48200874"><time>2026-09-14T05:36:19.901Z</time></trkpt><trkpt lat="37.77168594" lon="-122.48198098"><time>2026-09-14T05:36:20.901Z</time></trkpt><trkpt lat="37.77167401" lon="-122.48195321"><time>2026-09-14T05:36:21.901Z</time></trkpt><trkpt lat="37.77166207" lon="-122.48192545"><time>2026-09-14T05:36:22.901Z</time></trkpt><trkpt lat="37.77165014" lon="-122.48189768"><time>2026-09-14T05:36:23.901Z</time></trkpt><trkpt lat="37.77163820" lon="-122.48186992"><time>2026-09-14T05:36:24.901Z</time></trkpt><trkpt lat="37.77162627" lon="-122.48184216"><time>2026-09-14T05:36:25.901Z</time></trkpt><trkpt lat="37.77161433" lon="-122.48181439"><time>2026-09-14T05:36:26.901Z</time></trkpt><trkpt lat="37.77160240" lon="-122.48178663"><time>2026-09-14T05:36:27.901Z</time></trkpt><trkpt lat="37.77159047" lon="-122.48175887"><time>2026-09-14T05:36:28.901Z</time></trkpt><trkpt lat="37.77157853" lon="-122.48173110"><time>2026-09-14T05:36:29.901Z</time></trkpt><trkpt lat="37.77156660" lon="-122.48170334"><time>2026-09-14T05:36:30.901Z</time></trkpt><trkpt lat="37.77155466" lon="-122.48167558"><time>2026-09-14T05:36:31.901Z</time></trkpt><trkpt lat="37.77154273" lon="-122.48164781"><time>2026-09-14T05:36:32.901Z</time></trkpt><trkpt lat="37.77153079" lon="-122.48162005"><time>2026-09-14T05:36:33.901Z</time></trkpt><trkpt lat="37.77151886" lon="-122.48159229"><time>2026-09-14T05:36:34.901Z</time></trkpt><trkpt lat="37.77150692" lon="-122.48156452"><time>2026-09-14T05:36:35.901Z</time></trkpt><trkpt lat="37.77149499" lon="-122.48153676"><time>2026-09-14T05:36:36.901Z</time></trkpt><trkpt lat="37.77148305" lon="-122.48150900"><time>2026-09-14T05:36:37.901Z</time></trkpt><trkpt lat="37.77147112" lon="-122.48148123"><time>2026-09-14T05:36:38.901Z</time></trkpt><trkpt lat="37.77145919" lon="-122.48145347"><time>2026-09-14T05:36:39.901Z</time></trkpt><trkpt lat="37.77144725" lon="-122.48142570"><time>2026-09-14T05:36:40.901Z</time></trkpt><trkpt lat="37.77143532" lon="-122.48139794"><time>2026-09-14T05:36:41.901Z</time></trkpt><trkpt lat="37.77142338" lon="-122.48137018"><time>2026-09-14T05:36:42.901Z</time></trkpt><trkpt lat="37.77141145" lon="-122.48134241"><time>2026-09-14T05:36:43.901Z</time></trkpt><trkpt lat="37.77139951" lon="-122.48131465"><time>2026-09-14T05:36:44.901Z</time></trkpt><trkpt lat="37.77138758" lon="-122.48128689"><time>2026-09-14T05:36:45.901Z</time></trkpt><trkpt lat="37.77137564" lon="-122.48125912"><time>2026-09-14T05:36:46.901Z</time></trkpt><trkpt lat="37.77136371" lon="-122.48123136"><time>2026-09-14T05:36:47.901Z</time></trkpt><trkpt lat="37.77135177" lon="-122.48120360"><time>2026-09-14T05:36:48.901Z</time></trkpt><trkpt lat="37.77133984" lon="-122.48117583"><time>2026-09-14T05:36:49.901Z</time></trkpt><trkpt lat="37.77132791" lon="-122.48114807"><time>2026-09-14T05:36:50.901Z</time></trkpt><trkpt lat="37.77131597" lon="-122.48112031"><time>2026-09-14T05:36:51.901Z</time></trkpt><trkpt lat="37.77130404" lon="-122.48109254"><time>2026-09-14T05:36:52.901Z</time></trkpt><trkpt lat="37.77129210" lon="-122.48106478"><time>2026-09-14T05:36:53.901Z</time></trkpt><trkpt lat="37.77128017" lon="-122.48103702"><time>2026-09-14T05:36:54.901Z</time></trkpt><trkpt lat="37.77126823" lon="-122.48100925"><time>2026-09-14T05:36:55.901Z</time></trkpt><trkpt lat="37.77125630" lon="-122.48098149"><time>2026-09-14T05:36:56.901Z</time></trkpt><trkpt lat="37.77124436" lon="-122.48095373"><time>2026-09-14T05:36:57.901Z</time></trkpt><trkpt lat="37.77123243" lon="-122.48092596"><time>2026-09-14T05:36:58.901Z</time></trkpt><trkpt lat="37.77122049" lon="-122.48089820"><time>2026-09-14T05:36:59.901Z</time></trkpt><trkpt lat="37.77120856" lon="-122.48087044"><time>2026-09-14T05:37:00.901Z</time></trkpt><trkpt lat="37.77119662" lon="-122.48084267"><time>2026-09-14T05:37:01.901Z</time></trkpt><trkpt lat="37.77118469" lon="-122.48081491"><time>2026-09-14T05:37:02.901Z</time></trkpt><trkpt lat="37.77117275" lon="-122.48078715"><time>2026-09-14T05:37:03.901Z</time></trkpt><trkpt lat="37.77116082" lon="-122.48075938"><time>2026-09-14T05:37:04.901Z</time></trkpt><trkpt lat="37.77114889" lon="-122.48073162"><time>2026-09-14T05:37:05.901Z</time></trkpt><trkpt lat="37.77113695" lon="-122.48070386"><time>2026-09-14T05:37:06.901Z</time></trkpt><trkpt lat="37.77112502" lon="-122.48067609"><time>2026-09-14T05:37:07.901Z</time></trkpt><trkpt lat="37.77111308" lon="-122.48064833"><time>2026-09-14T05:37:08.901Z</time></trkpt><trkpt lat="37.77110115" lon="-122.48062057"><time>2026-09-14T05:37:09.901Z</time></trkpt><trkpt lat="37.77108921" lon="-122.48059281"><time>2026-09-14T05:37:10.901Z</time></trkpt><trkpt lat="37.77107728" lon="-122.48056504"><time>2026-09-14T05:37:11.901Z</time></trkpt><trkpt lat="37.77106534" lon="-122.48053728"><time>2026-09-14T05:37:12.901Z</time></trkpt><trkpt lat="37.77105341" lon="-122.48050952"><time>2026-09-14T05:37:13.901Z</time></trkpt><trkpt lat="37.77104147" lon="-122.48048175"><time>2026-09-14T05:37:14.901Z</time></trkpt><trkpt lat="37.77102954" lon="-122.48045399"><time>2026-09-14T05:37:15.901Z</time></trkpt><trkpt lat="37.77101760" lon="-122.48042623"><time>2026-09-14T05:37:16.901Z</time></trkpt><trkpt lat="37.77100567" lon="-122.48039846"><time>2026-09-14T05:37:17.901Z</time></trkpt><trkpt lat="37.77099373" lon="-122.48037070"><time>2026-09-14T05:37:18.901Z</time></trkpt><trkpt lat="37.77098180" lon="-122.48034294"><time>2026-09-14T05:37:19.901Z</time></trkpt><trkpt lat="37.77096986" lon="-122.48031517"><time>2026-09-14T05:37:20.901Z</time></trkpt><trkpt lat="37.77095793" lon="-122.48028741"><time>2026-09-14T05:37:21.901Z</time></trkpt><trkpt lat="37.77094599" lon="-122.48025965"><time>2026-09-14T05:37:22.901Z</time></trkpt><trkpt lat="37.77093406" lon="-122.48023188"><time>2026-09-14T05:37:23.901Z</time></trkpt><trkpt lat="37.77092212" lon="-122.48020412"><time>2026-09-14T05:37:24.901Z</time></trkpt><trkpt lat="37.77091019" lon="-122.48017636"><time>2026-09-14T05:37:25.901Z</time></trkpt><trkpt lat="37.77089825" lon="-122.48014860"><time>2026-09-14T05:37:26.901Z</time></trkpt><trkpt lat="37.77088632" lon="-122.48012083"><time>2026-09-14T05:37:27.901Z</time></trkpt><trkpt lat="37.77087439" lon="-122.48009307"><time>2026-09-14T05:37:28.901Z</time></trkpt><trkpt lat="37.77086245" lon="-122.48006531"><time>2026-09-14T05:37:29.901Z</time></trkpt><trkpt lat="37.77085052" lon="-122.48003754"><time>2026-09-14T05:37:30.901Z</time></trkpt><trkpt lat="37.77083858" lon="-122.48000978"><time>2026-09-14T05:37:31.901Z</time></trkpt><trkpt lat="37.77082665" lon="-122.47998202"><time>2026-09-14T05:37:32.901Z</time></trkpt><trkpt lat="37.77081471" lon="-122.47995425"><time>2026-09-14T05:37:33.901Z</time></trkpt><trkpt lat="37.77080278" lon="-122.47992649"><time>2026-09-14T05:37:34.901Z</time></trkpt><trkpt lat="37.77079084" lon="-122.47989873"><time>2026-09-14T05:37:35.901Z</time></trkpt><trkpt lat="37.77077891" lon="-122.47987097"><time>2026-09-14T05:37:36.901Z</time></trkpt><trkpt lat="37.77076697" lon="-122.47984320"><time>2026-09-14T05:37:37.901Z</time></trkpt><trkpt lat="37.77075504" lon="-122.47981544"><time>2026-09-14T05:37:38.901Z</time></trkpt><trkpt lat="37.77074310" lon="-122.47978768"><time>2026-09-14T05:37:39.901Z</time></trkpt><trkpt lat="37.77073117" lon="-122.47975991"><time>2026-09-14T05:37:40.901Z</time></trkpt><trkpt lat="37.77071923" lon="-122.47973215"><time>2026-09-14T05:37:41.901Z</time></trkpt><trkpt lat="37.77070730" lon="-122.47970439"><time>2026-09-14T05:37:42.901Z</time></trkpt><trkpt lat="37.77069536" lon="-122.47967662"><time>2026-09-14T05:37:43.901Z</time></trkpt><trkpt lat="37.77068343" lon="-122.47964886"><time>2026-09-14T05:37:44.901Z</time></trkpt><trkpt lat="37.77067149" lon="-122.47962110"><time>2026-09-14T05:37:45.901Z</time></trkpt><trkpt lat="37.77065956" lon="-122.47959334"><time>2026-09-14T05:37:46.901Z</time></trkpt><trkpt lat="37.77064762" lon="-122.47956557"><time>2026-09-14T05:37:47.901Z</time></trkpt><trkpt lat="37.77063569" lon="-122.47953781"><time>2026-09-14T05:37:48.901Z</time></trkpt><trkpt lat="37.77062375" lon="-122.47951005"><time>2026-09-14T05:37:49.901Z</time></trkpt><trkpt lat="37.77061182" lon="-122.47948228"><time>2026-09-14T05:37:50.901Z</time></trkpt><trkpt lat="37.77059988" lon="-122.47945452"><time>2026-09-14T05:37:51.901Z</time></trkpt><trkpt lat="37.77058795" lon="-122.47942676"><time>2026-09-14T05:37:52.901Z</time></trkpt><trkpt lat="37.77057601" lon="-122.47939900"><time>2026-09-14T05:37:53.901Z</time></trkpt><trkpt lat="37.77056408" lon="-122.47937123"><time>2026-09-14T05:37:54.901Z</time></trkpt><trkpt lat="37.77055214" lon="-122.47934347"><time>2026-09-14T05:37:55.901Z</time></trkpt><trkpt lat="37.77054021" lon="-122.47931571"><time>2026-09-14T05:37:56.901Z</time></trkpt><trkpt lat="37.77052827" lon="-122.47928795"><time>2026-09-14T05:37:57.901Z</time></trkpt><trkpt lat="37.77051634" lon="-122.47926018"><time>2026-09-14T05:37:58.901Z</time></trkpt><trkpt lat="37.77050440" lon="-122.47923242"><time>2026-09-14T05:37:59.901Z</time></trkpt><trkpt lat="37.77049247" lon="-122.47920466"><time>2026-09-14T05:38:00.901Z</time></trkpt><trkpt lat="37.77048053" lon="-122.47917689"><time>2026-09-14T05:38:01.901Z</time></trkpt><trkpt lat="37.77046860" lon="-122.47914913"><time>2026-09-14T05:38:02.901Z</time></trkpt><trkpt lat="37.77045666" lon="-122.47912137"><time>2026-09-14T05:38:03.901Z</time></trkpt><trkpt lat="37.77044473" lon="-122.47909361"><time>2026-09-14T05:38:04.901Z</time></trkpt><trkpt lat="37.77043279" lon="-122.47906584"><time>2026-09-14T05:38:05.901Z</time></trkpt><trkpt lat="37.77042086" lon="-122.47903808"><time>2026-09-14T05:38:06.901Z</time></trkpt><trkpt lat="37.77040892" lon="-122.47901032"><time>2026-09-14T05:38:07.901Z</time></trkpt><trkpt lat="37.77039699" lon="-122.47898256"><time>2026-09-14T05:38:08.901Z</time></trkpt><trkpt lat="37.77038505" lon="-122.47895479"><time>2026-09-14T05:38:09.901Z</time></trkpt><trkpt lat="37.77037312" lon="-122.47892703"><time>2026-09-14T05:38:10.901Z</time></trkpt><trkpt lat="37.77036118" lon="-122.47889927"><time>2026-09-14T05:38:11.901Z</time></trkpt><trkpt lat="37.77034924" lon="-122.47887150"><time>2026-09-14T05:38:12.901Z</time></trkpt><trkpt lat="37.77034000" lon="-122.47885000"><time>2026-09-14T05:38:13.675Z</time></trkpt><trkpt lat="37.77033549" lon="-122.47885427"><time>2026-09-14T05:38:13.901Z</time></trkpt><trkpt lat="37.77031551" lon="-122.47887323"><time>2026-09-14T05:38:14.901Z</time></trkpt><trkpt lat="37.77029552" lon="-122.47889219"><time>2026-09-14T05:38:15.901Z</time></trkpt><trkpt lat="37.77027553" lon="-122.47891114"><time>2026-09-14T05:38:16.901Z</time></trkpt><trkpt lat="37.77025554" lon="-122.47893010"><time>2026-09-14T05:38:17.901Z</time></trkpt><trkpt lat="37.77023555" lon="-122.47894905"><time>2026-09-14T05:38:18.901Z</time></trkpt><trkpt lat="37.77021557" lon="-122.47896801"><time>2026-09-14T05:38:19.901Z</time></trkpt><trkpt lat="37.77019558" lon="-122.47898697"><time>2026-09-14T05:38:20.901Z</time></trkpt><trkpt lat="37.77017559" lon="-122.47900592"><time>2026-09-14T05:38:21.901Z</time></trkpt><trkpt lat="37.77015560" lon="-122.47902488"><time>2026-09-14T05:38:22.901Z</time></trkpt><trkpt lat="37.77013561" lon="-122.47904384"><time>2026-09-14T05:38:23.901Z</time></trkpt><trkpt lat="37.77011563" lon="-122.47906279"><time>2026-09-14T05:38:24.901Z</time></trkpt><trkpt lat="37.77009564" lon="-122.47908175"><time>2026-09-14T05:38:25.901Z</time></trkpt><trkpt lat="37.77007565" lon="-122.47910071"><time>2026-09-14T05:38:26.901Z</time></trkpt><trkpt lat="37.77005566" lon="-122.47911966"><time>2026-09-14T05:38:27.901Z</time></trkpt><trkpt lat="37.77003567" lon="-122.47913862"><time>2026-09-14T05:38:28.901Z</time></trkpt><trkpt lat="37.77001569" lon="-122.47915757"><time>2026-09-14T05:38:29.901Z</time></trkpt><trkpt lat="37.76999570" lon="-122.47917653"><time>2026-09-14T05:38:30.901Z</time></trkpt><trkpt lat="37.76997571" lon="-122.47919549"><time>2026-09-14T05:38:31.901Z</time></trkpt><trkpt lat="37.76995572" lon="-122.47921444"><time>2026-09-14T05:38:32.901Z</time></trkpt><trkpt lat="37.76993573" lon="-122.47923340"><time>2026-09-14T05:38:33.901Z</time></trkpt><trkpt lat="37.76991575" lon="-122.47925236"><time>2026-09-14T05:38:34.901Z</time></trkpt><trkpt lat="37.76989576" lon="-122.47927131"><time>2026-09-14T05:38:35.901Z</time></trkpt><trkpt lat="37.76987577" lon="-122.47929027"><time>2026-09-14T05:38:36.901Z</time></trkpt><trkpt lat="37.76985578" lon="-122.47930922"><time>2026-09-14T05:38:37.901Z</time></trkpt><trkpt lat="37.76983579" lon="-122.47932818"><time>2026-09-14T05:38:38.901Z</time></trkpt><trkpt lat="37.76981581" lon="-122.47934714"><time>2026-09-14T05:38:39.901Z</time></trkpt><trkpt lat="37.76979582" lon="-122.47936609"><time>2026-09-14T05:38:40.901Z</time></trkpt><trkpt lat="37.76977583" lon="-122.47938505"><time>2026-09-14T05:38:41.901Z</time></trkpt><trkpt lat="37.76975584" lon="-122.47940401"><time>2026-09-14T05:38:42.901Z</time></trkpt><trkpt lat="37.76973585" lon="-122.47942296"><time>2026-09-14T05:38:43.901Z</time></trkpt><trkpt lat="37.76971587" lon="-122.47944192"><time>2026-09-14T05:38:44.901Z</time></trkpt><trkpt lat="37.76969588" lon="-122.47946087"><time>2026-09-14T05:38:45.901Z</time></trkpt><trkpt lat="37.76967589" lon="-122.47947983"><time>2026-09-14T05:38:46.901Z</time></trkpt><trkpt lat="37.76965590" lon="-122.47949879"><time>2026-09-14T05:38:47.901Z</time></trkpt><trkpt lat="37.76963591" lon="-122.47951774"><time>2026-09-14T05:38:48.901Z</time></trkpt><trkpt lat="37.76961592" lon="-122.47953670"><time>2026-09-14T05:38:49.901Z</time></trkpt><trkpt lat="37.76959594" lon="-122.47955565"><time>2026-09-14T05:38:50.901Z</time></trkpt><trkpt lat="37.76957595" lon="-122.47957461"><time>2026-09-14T05:38:51.901Z</time></trkpt><trkpt lat="37.76955596" lon="-122.47959357"><time>2026-09-14T05:38:52.901Z</time></trkpt><trkpt lat="37.76953597" lon="-122.47961252"><time>2026-09-14T05:38:53.901Z</time></trkpt><trkpt lat="37.76951598" lon="-122.47963148"><time>2026-09-14T05:38:54.901Z</time></trkpt><trkpt lat="37.76949600" lon="-122.47965043"><time>2026-09-14T05:38:55.901Z</time></trkpt><trkpt lat="37.76947601" lon="-122.47966939"><time>2026-09-14T05:38:56.901Z</time></trkpt><trkpt lat="37.76945602" lon="-122.47968835"><time>2026-09-14T05:38:57.901Z</time></trkpt><trkpt lat="37.76943603" lon="-122.47970730"><time>2026-09-14T05:38:58.901Z</time></trkpt><trkpt lat="37.76941604" lon="-122.47972626"><time>2026-09-14T05:38:59.901Z</time></trkpt><trkpt lat="37.76939606" lon="-122.47974521"><time>2026-09-14T05:39:00.901Z</time></trkpt><trkpt lat="37.76937607" lon="-122.47976417"><time>2026-09-14T05:39:01.901Z</time></trkpt><trkpt lat="37.76935608" lon="-122.47978313"><time>2026-09-14T05:39:02.901Z</time></trkpt><trkpt lat="37.76933609" lon="-122.47980208"><time>2026-09-14T05:39:03.901Z</time></trkpt><trkpt lat="37.76931610" lon="-122.47982104"><time>2026-09-14T05:39:04.901Z</time></trkpt><trkpt lat="37.76929611" lon="-122.47983999"><time>2026-09-14T05:39:05.901Z</time></trkpt><trkpt lat="37.76927613" lon="-122.47985895"><time>2026-09-14T05:39:06.901Z</time></trkpt><trkpt lat="37.76925614" lon="-122.47987791"><time>2026-09-14T05:39:07.901Z</time></trkpt><trkpt lat="37.76923615" lon="-122.47989686"><time>2026-09-14T05:39:08.901Z</time></trkpt><trkpt lat="37.76921616" lon="-122.47991582"><time>2026-09-14T05:39:09.901Z</time></trkpt><trkpt lat="37.76919617" lon="-122.47993477"><time>2026-09-14T05:39:10.901Z</time></trkpt><trkpt lat="37.76917619" lon="-122.47995373"><time>2026-09-14T05:39:11.901Z</time></trkpt><trkpt lat="37.76915620" lon="-122.47997269"><time>2026-09-14T05:39:12.901Z</time></trkpt><trkpt lat="37.76913621" lon="-122.47999164"><time>2026-09-14T05:39:13.901Z</time></trkpt><trkpt lat="37.76911622" lon="-122.48001060"><time>2026-09-14T05:39:14.901Z</time></trkpt><trkpt lat="37.76909623" lon="-122.48002955"><time>2026-09-14T05:39:15.901Z</time></trkpt><trkpt lat="37.76907625" lon="-122.48004851"><time>2026-09-14T05:39:16.901Z</time></trkpt><trkpt lat="37.76905626" lon="-122.48006746"><time>2026-09-14T05:39:17.901Z</time></trkpt><trkpt lat="37.76903627" lon="-122.48008642"><time>2026-09-14T05:39:18.901Z</time></trkpt><trkpt lat="37.76901628" lon="-122.48010538"><time>2026-09-14T05:39:19.901Z</time></trkpt><trkpt lat="37.76899629" lon="-122.48012433"><time>2026-09-14T05:39:20.901Z</time></trkpt><trkpt lat="37.76897630" lon="-122.48014329"><time>2026-09-14T05:39:21.901Z</time></trkpt><trkpt lat="37.76895632" lon="-122.48016224"><time>2026-09-14T05:39:22.901Z</time></trkpt><trkpt lat="37.76893633" lon="-122.48018120"><time>2026-09-14T05:39:23.901Z</time></trkpt><trkpt lat="37.76891634" lon="-122.48020015"><time>2026-09-14T05:39:24.901Z</time></trkpt><trkpt lat="37.76889635" lon="-122.48021911"><time>2026-09-14T05:39:25.901Z</time></trkpt><trkpt lat="37.76887636" lon="-122.48023807"><time>2026-09-14T05:39:26.901Z</time></trkpt><trkpt lat="37.76885637" lon="-122.48025702"><time>2026-09-14T05:39:27.901Z</time></trkpt><trkpt lat="37.76883639" lon="-122.48027598"><time>2026-09-14T05:39:28.901Z</time></trkpt><trkpt lat="37.76881640" lon="-122.48029493"><time>2026-09-14T05:39:29.901Z</time></trkpt><trkpt lat="37.76879641" lon="-122.48031389"><time>2026-09-14T05:39:30.901Z</time></trkpt><trkpt lat="37.76877642" lon="-122.48033284"><time>2026-09-14T05:39:31.901Z</time></trkpt><trkpt lat="37.76875643" lon="-122.48035180"><time>2026-09-14T05:39:32.901Z</time></trkpt><trkpt lat="37.76873645" lon="-122.48037076"><time>2026-09-14T05:39:33.901Z</time></trkpt><trkpt lat="37.76871646" lon="-122.48038971"><time>2026-09-14T05:39:34.901Z</time></trkpt><trkpt lat="37.76869647" lon="-122.48040867"><time>2026-09-14T05:39:35.901Z</time></trkpt><trkpt lat="37.76867648" lon="-122.48042762"><time>2026-09-14T05:39:36.901Z</time></trkpt><trkpt lat="37.76865649" lon="-122.48044658"><time>2026-09-14T05:39:37.901Z</time></trkpt><trkpt lat="37.76863650" lon="-122.48046553"><time>2026-09-14T05:39:38.901Z</time></trkpt><trkpt lat="37.76861652" lon="-122.48048449"><time>2026-09-14T05:39:39.901Z</time></trkpt><trkpt lat="37.76859653" lon="-122.48050344"><time>2026-09-14T05:39:40.901Z</time></trkpt><trkpt lat="37.76857654" lon="-122.48052240"><time>2026-09-14T05:39:41.901Z</time></trkpt><trkpt lat="37.76855655" lon="-122.48054136"><time>2026-09-14T05:39:42.901Z</time></trkpt><trkpt lat="37.76853656" lon="-122.48056031"><time>2026-09-14T05:39:43.901Z</time></trkpt><trkpt lat="37.76851657" lon="-122.48057927"><time>2026-09-14T05:39:44.901Z</time></trkpt><trkpt lat="37.76849659" lon="-122.48059822"><time>2026-09-14T05:39:45.901Z</time></trkpt><trkpt lat="37.76847660" lon="-122.48061718"><time>2026-09-14T05:39:46.901Z</time></trkpt><trkpt lat="37.76845661" lon="-122.48063613"><time>2026-09-14T05:39:47.901Z</time></trkpt><trkpt lat="37.76843662" lon="-122.48065509"><time>2026-09-14T05:39:48.901Z</time></trkpt><trkpt lat="37.76841663" lon="-122.48067404"><time>2026-09-14T05:39:49.901Z</time></trkpt><trkpt lat="37.76839665" lon="-122.48069300"><time>2026-09-14T05:39:50.901Z</time></trkpt><trkpt lat="37.76837666" lon="-122.48071196"><time>2026-09-14T05:39:51.901Z</time></trkpt><trkpt lat="37.76835667" lon="-122.48073091"><time>2026-09-14T05:39:52.901Z</time></trkpt><trkpt lat="37.76833668" lon="-122.48074987"><time>2026-09-14T05:39:53.901Z</time></trkpt><trkpt lat="37.76831669" lon="-122.48076882"><time>2026-09-14T05:39:54.901Z</time></trkpt><trkpt lat="37.76829670" lon="-122.48078778"><time>2026-09-14T05:39:55.901Z</time></trkpt><trkpt lat="37.76827672" lon="-122.48080673"><time>2026-09-14T05:39:56.901Z</time></trkpt><trkpt lat="37.76825673" lon="-122.48082569"><time>2026-09-14T05:39:57.901Z</time></trkpt><trkpt lat="37.76823674" lon="-122.48084464"><time>2026-09-14T05:39:58.901Z</time></trkpt><trkpt lat="37.76821675" lon="-122.48086360"><time>2026-09-14T05:39:59.901Z</time></trkpt><trkpt lat="37.76821000" lon="-122.48087000"><time>2026-09-14T05:40:00.238Z</time></trkpt><trkpt lat="37.76820650" lon="-122.48089046"><time>2026-09-14T05:40:00.901Z</time></trkpt><trkpt lat="37.76820122" lon="-122.48092134"><time>2026-09-14T05:40:01.901Z</time></trkpt><trkpt lat="37.76819595" lon="-122.48095223"><time>2026-09-14T05:40:02.901Z</time></trkpt><trkpt lat="37.76819067" lon="-122.48098312"><time>2026-09-14T05:40:03.901Z</time></trkpt><trkpt lat="37.76818539" lon="-122.48101401"><time>2026-09-14T05:40:04.901Z</time></trkpt><trkpt lat="37.76818011" lon="-122.48104490"><time>2026-09-14T05:40:05.901Z</time></trkpt><trkpt lat="37.76817483" lon="-122.48107579"><time>2026-09-14T05:40:06.901Z</time></trkpt><trkpt lat="37.76816955" lon="-122.48110667"><time>2026-09-14T05:40:07.901Z</time></trkpt><trkpt lat="37.76816427" lon="-122.48113756"><time>2026-09-14T05:40:08.901Z</time></trkpt><trkpt lat="37.76815899" lon="-122.48116845"><time>2026-09-14T05:40:09.901Z</time></trkpt><trkpt lat="37.76815371" lon="-122.48119934"><time>2026-09-14T05:40:10.901Z</time></trkpt><trkpt lat="37.76814843" lon="-122.48123023"><time>2026-09-14T05:40:11.901Z</time></trkpt><trkpt lat="37.76814315" lon="-122.48126111"><time>2026-09-14T05:40:12.901Z</time></trkpt><trkpt lat="37.76813787" lon="-122.48129200"><time>2026-09-14T05:40:13.901Z</time></trkpt><trkpt lat="37.76813259" lon="-122.48132289"><time>2026-09-14T05:40:14.901Z</time></trkpt><trkpt lat="37.76812731" lon="-122.48135378"><time>2026-09-14T05:40:15.901Z</time></trkpt><trkpt lat="37.76812204" lon="-122.48138467"><time>2026-09-14T05:40:16.901Z</time></trkpt><trkpt lat="37.76811676" lon="-122.48141555"><time>2026-09-14T05:40:17.901Z</time></trkpt><trkpt lat="37.76811148" lon="-122.48144644"><time>2026-09-14T05:40:18.901Z</time></trkpt><trkpt lat="37.76810620" lon="-122.48147733"><time>2026-09-14T05:40:19.901Z</time></trkpt><trkpt lat="37.76810092" lon="-122.48150822"><time>2026-09-14T05:40:20.901Z</time></trkpt><trkpt lat="37.76809564" lon="-122.48153911"><time>2026-09-14T05:40:21.901Z</time></trkpt><trkpt lat="37.76809036" lon="-122.48157000"><time>2026-09-14T05:40:22.901Z</time></trkpt><trkpt lat="37.76808508" lon="-122.48160088"><time>2026-09-14T05:40:23.901Z</time></trkpt><trkpt lat="37.76807980" lon="-122.48163177"><time>2026-09-14T05:40:24.901Z</time></trkpt><trkpt lat="37.76807452" lon="-122.48166266"><time>2026-09-14T05:40:25.901Z</time></trkpt><trkpt lat="37.76806924" lon="-122.48169355"><time>2026-09-14T05:40:26.901Z</time></trkpt><trkpt lat="37.76806396" lon="-122.48172444"><time>2026-09-14T05:40:27.901Z</time></trkpt><trkpt lat="37.76805868" lon="-122.48175532"><time>2026-09-14T05:40:28.901Z</time></trkpt><trkpt lat="37.76805340" lon="-122.48178621"><time>2026-09-14T05:40:29.901Z</time></trkpt><trkpt lat="37.76804812" lon="-122.48181710"><time>2026-09-14T05:40:30.901Z</time></trkpt><trkpt lat="37.76804284" lon="-122.48184799"><time>2026-09-14T05:40:31.901Z</time></trkpt><trkpt lat="37.76803757" lon="-122.48187888"><time>2026-09-14T05:40:32.901Z</time></trkpt><trkpt lat="37.76803229" lon="-122.48190976"><time>2026-09-14T05:40:33.901Z</time></trkpt><trkpt lat="37.76802701" lon="-122.48194065"><time>2026-09-14T05:40:34.901Z</time></trkpt><trkpt lat="37.76802173" lon="-122.48197154"><time>2026-09-14T05:40:35.901Z</time></trkpt><trkpt lat="37.76801645" lon="-122.48200243"><time>2026-09-14T05:40:36.901Z</time></trkpt><trkpt lat="37.76801117" lon="-122.48203332"><time>2026-09-14T05:40:37.901Z</time></trkpt><trkpt lat="37.76800589" lon="-122.48206420"><time>2026-09-14T05:40:38.901Z</time></trkpt><trkpt lat="37.76800061" lon="-122.48209509"><time>2026-09-14T05:40:39.901Z</time></trkpt><trkpt lat="37.76799533" lon="-122.48212598"><time>2026-09-14T05:40:40.901Z</time></trkpt><trkpt lat="37.76799005" lon="-122.48215687"><time>2026-09-14T05:40:41.901Z</time></trkpt><trkpt lat="37.76798477" lon="-122.48218776"><time>2026-09-14T05:40:42.901Z</time></trkpt><trkpt lat="37.76797949" lon="-122.48221864"><time>2026-09-14T05:40:43.901Z</time></trkpt><trkpt lat="37.76797421" lon="-122.48224953"><time>2026-09-14T05:40:44.901Z</time></trkpt><trkpt lat="37.76796893" lon="-122.48228042"><time>2026-09-14T05:40:45.901Z</time></trkpt><trkpt lat="37.76796365" lon="-122.48231131"><time>2026-09-14T05:40:46.901Z</time></trkpt><trkpt lat="37.76795837" lon="-122.48234220"><time>2026-09-14T05:40:47.901Z</time></trkpt><trkpt lat="37.76795309" lon="-122.48237308"><time>2026-09-14T05:40:48.901Z</time></trkpt><trkpt lat="37.76794781" lon="-122.48240397"><time>2026-09-14T05:40:49.901Z</time></trkpt><trkpt lat="37.76794253" lon="-122.48243486"><time>2026-09-14T05:40:50.901Z</time></trkpt><trkpt lat="37.76793725" lon="-122.48246575"><time>2026-09-14T05:40:51.901Z</time></trkpt><trkpt lat="37.76793197" lon="-122.48249663"><time>2026-09-14T05:40:52.901Z</time></trkpt><trkpt lat="37.76792669" lon="-122.48252752"><time>2026-09-14T05:40:53.901Z</time></trkpt><trkpt lat="37.76792142" lon="-122.48255841"><time>2026-09-14T05:40:54.901Z</time></trkpt><trkpt lat="37.76791614" lon="-122.48258930"><time>2026-09-14T05:40:55.901Z</time></trkpt><trkpt lat="37.76791086" lon="-122.48262019"><time>2026-09-14T05:40:56.901Z</time></trkpt><trkpt lat="37.76790558" lon="-122.48265107"><time>2026-09-14T05:40:57.901Z</time></trkpt><trkpt lat="37.76790030" lon="-122.48268196"><time>2026-09-14T05:40:58.901Z</time></trkpt><trkpt lat="37.76789502" lon="-122.48271285"><time>2026-09-14T05:40:59.901Z</time></trkpt><trkpt lat="37.76788974" lon="-122.48274374"><time>2026-09-14T05:41:00.901Z</time></trkpt><trkpt lat="37.76788446" lon="-122.48277463"><time>2026-09-14T05:41:01.901Z</time></trkpt><trkpt lat="37.76787918" lon="-122.48280551"><time>2026-09-14T05:41:02.901Z</time></trkpt><trkpt lat="37.76787390" lon="-122.48283640"><time>2026-09-14T05:41:03.901Z</time></trkpt><trkpt lat="37.76786862" lon="-122.48286729"><time>2026-09-14T05:41:04.901Z</time></trkpt><trkpt lat="37.76786334" lon="-122.48289818"><time>2026-09-14T05:41:05.901Z</time></trkpt><trkpt lat="37.76785806" lon="-122.48292907"><time>2026-09-14T05:41:06.901Z</time></trkpt><trkpt lat="37.76785278" lon="-122.48295995"><time>2026-09-14T05:41:07.901Z</time></trkpt><trkpt lat="37.76784750" lon="-122.48299084"><time>2026-09-14T05:41:08.901Z</time></trkpt><trkpt lat="37.76784222" lon="-122.48302173"><time>2026-09-14T05:41:09.901Z</time></trkpt><trkpt lat="37.76783694" lon="-122.48305262"><time>2026-09-14T05:41:10.901Z</time></trkpt><trkpt lat="37.76783166" lon="-122.48308350"><time>2026-09-14T05:41:11.901Z</time></trkpt><trkpt lat="37.76782638" lon="-122.48311439"><time>2026-09-14T05:41:12.901Z</time></trkpt><trkpt lat="37.76782110" lon="-122.48314528"><time>2026-09-14T05:41:13.901Z</time></trkpt><trkpt lat="37.76781582" lon="-122.48317617"><time>2026-09-14T05:41:14.901Z</time></trkpt><trkpt lat="37.76781054" lon="-122.48320706"><time>2026-09-14T05:41:15.901Z</time></trkpt><trkpt lat="37.76780526" lon="-122.48323794"><time>2026-09-14T05:41:16.901Z</time></trkpt><trkpt lat="37.76779998" lon="-122.48326883"><time>2026-09-14T05:41:17.901Z</time></trkpt><trkpt lat="37.76779470" lon="-122.48329972"><time>2026-09-14T05:41:18.901Z</time></trkpt><trkpt lat="37.76778942" lon="-122.48333061"><time>2026-09-14T05:41:19.901Z</time></trkpt><trkpt lat="37.76778414" lon="-122.48336149"><time>2026-09-14T05:41:20.901Z</time></trkpt><trkpt lat="37.76777886" lon="-122.48339238"><time>2026-09-14T05:41:21.901Z</time></trkpt><trkpt lat="37.76777358" lon="-122.48342327"><time>2026-09-14T05:41:22.901Z</time></trkpt><trkpt lat="37.76776830" lon="-122.48345416"><time>2026-09-14T05:41:23.901Z</time></trkpt><trkpt lat="37.76776302" lon="-122.48348505"><time>2026-09-14T05:41:24.901Z</time></trkpt><trkpt lat="37.76775774" lon="-122.48351593"><time>2026-09-14T05:41:25.901Z</time></trkpt><trkpt lat="37.76775246" lon="-122.48354682"><time>2026-09-14T05:41:26.901Z</time></trkpt><trkpt lat="37.76774718" lon="-122.48357771"><time>2026-09-14T05:41:27.901Z</time></trkpt><trkpt lat="37.76774190" lon="-122.48360860"><time>2026-09-14T05:41:28.901Z</time></trkpt><trkpt lat="37.76773662" lon="-122.48363948"><time>2026-09-14T05:41:29.901Z</time></trkpt><trkpt lat="37.76773134" lon="-122.48367037"><time>2026-09-14T05:41:30.901Z</time></trkpt><trkpt lat="37.76772606" lon="-122.48370126"><time>2026-09-14T05:41:31.901Z</time></trkpt><trkpt lat="37.76772078" lon="-122.48373215"><time>2026-09-14T05:41:32.901Z</time></trkpt><trkpt lat="37.76771550" lon="-122.48376304"><time>2026-09-14T05:41:33.901Z</time></trkpt><trkpt lat="37.76771022" lon="-122.48379392"><time>2026-09-14T05:41:34.901Z</time></trkpt><trkpt lat="37.76770494" lon="-122.48382481"><time>2026-09-14T05:41:35.901Z</time></trkpt><trkpt lat="37.76769966" lon="-122.48385570"><time>2026-09-14T05:41:36.901Z</time></trkpt><trkpt lat="37.76769438" lon="-122.48388659"><time>2026-09-14T05:41:37.901Z</time></trkpt><trkpt lat="37.76768910" lon="-122.48391747"><time>2026-09-14T05:41:38.901Z</time></trkpt><trkpt lat="37.76768382" lon="-122.48394836"><time>2026-09-14T05:41:39.901Z</time></trkpt><trkpt lat="37.76767854" lon="-122.48397925"><time>2026-09-14T05:41:40.901Z</time></trkpt><trkpt lat="37.76767326" lon="-122.48401014"><time>2026-09-14T05:41:41.901Z</time></trkpt><trkpt lat="37.76766798" lon="-122.48404103"><time>2026-09-14T05:41:42.901Z</time></trkpt><trkpt lat="37.76766270" lon="-122.48407191"><time>2026-09-14T05:41:43.901Z</time></trkpt><trkpt lat="37.76765742" lon="-122.48410280"><time>2026-09-14T05:41:44.901Z</time></trkpt><trkpt lat="37.76765214" lon="-122.48413369"><time>2026-09-14T05:41:45.901Z</time></trkpt><trkpt lat="37.76764686" lon="-122.48416458"><time>2026-09-14T05:41:46.901Z</time></trkpt><trkpt lat="37.76764158" lon="-122.48419546"><time>2026-09-14T05:41:47.901Z</time></trkpt><trkpt lat="37.76763630" lon="-122.48422635"><time>2026-09-14T05:41:48.901Z</time></trkpt><trkpt lat="37.76763102" lon="-122.48425724"><time>2026-09-14T05:41:49.901Z</time></trkpt><trkpt lat="37.76762574" lon="-122.48428813"><time>2026-09-14T05:41:50.901Z</time></trkpt><trkpt lat="37.76762046" lon="-122.48431901"><time>2026-09-14T05:41:51.901Z</time></trkpt><trkpt lat="37.76761518" lon="-122.48434990"><time>2026-09-14T05:41:52.901Z</time></trkpt><trkpt lat="37.76760990" lon="-122.48438079"><time>2026-09-14T05:41:53.901Z</time></trkpt><trkpt lat="37.76760462" lon="-122.48441168"><time>2026-09-14T05:41:54.901Z</time></trkpt><trkpt lat="37.76759934" lon="-122.48444257"><time>2026-09-14T05:41:55.901Z</time></trkpt><trkpt lat="37.76759406" lon="-122.48447345"><time>2026-09-14T05:41:56.901Z</time></trkpt><trkpt lat="37.76758878" lon="-122.48450434"><time>2026-09-14T05:41:57.901Z</time></trkpt><trkpt lat="37.76758350" lon="-122.48453523"><time>2026-09-14T05:41:58.901Z</time></trkpt><trkpt lat="37.76757822" lon="-122.48456612"><time>2026-09-14T05:41:59.901Z</time></trkpt><trkpt lat="37.76757294" lon="-122.48459700"><time>2026-09-14T05:42:00.901Z</time></trkpt><trkpt lat="37.76756766" lon="-122.48462789"><time>2026-09-14T05:42:01.901Z</time></trkpt><trkpt lat="37.76756238" lon="-122.48465878"><time>2026-09-14T05:42:02.901Z</time></trkpt><trkpt lat="37.76755710" lon="-122.48468967"><time>2026-09-14T05:42:03.901Z</time></trkpt><trkpt lat="37.76755182" lon="-122.48472055"><time>2026-09-14T05:42:04.901Z</time></trkpt><trkpt lat="37.76754654" lon="-122.48475144"><time>2026-09-14T05:42:05.901Z</time></trkpt><trkpt lat="37.76754126" lon="-122.48478233"><time>2026-09-14T05:42:06.901Z</time></trkpt><trkpt lat="37.76753598" lon="-122.48481322"><time>2026-09-14T05:42:07.901Z</time></trkpt><trkpt lat="37.76753070" lon="-122.48484410"><time>2026-09-14T05:42:08.901Z</time></trkpt><trkpt lat="37.76752542" lon="-122.48487499"><time>2026-09-14T05:42:09.901Z</time></trkpt><trkpt lat="37.76752014" lon="-122.48490588"><time>2026-09-14T05:42:10.901Z</time></trkpt><trkpt lat="37.76751486" lon="-122.48493677"><time>2026-09-14T05:42:11.901Z</time></trkpt><trkpt lat="37.76750958" lon="-122.48496765"><time>2026-09-14T05:42:12.901Z</time></trkpt><trkpt lat="37.76750430" lon="-122.48499854"><time>2026-09-14T05:42:13.901Z</time></trkpt><trkpt lat="37.76749902" lon="-122.48502943"><time>2026-09-14T05:42:14.901Z</time></trkpt><trkpt lat="37.76749374" lon="-122.48506032"><time>2026-09-14T05:42:15.901Z</time></trkpt><trkpt lat="37.76748846" lon="-122.48509120"><time>2026-09-14T05:42:16.901Z</time></trkpt><trkpt lat="37.76748318" lon="-122.48512209"><time>2026-09-14T05:42:17.901Z</time></trkpt><trkpt lat="37.76747790" lon="-122.48515298"><time>2026-09-14T05:42:18.901Z</time></trkpt><trkpt lat="37.76747262" lon="-122.48518387"><time>2026-09-14T05:42:19.901Z</time></trkpt><trkpt lat="37.76746734" lon="-122.48521475"><time>2026-09-14T05:42:20.901Z</time></trkpt><trkpt lat="37.76746206" lon="-122.48524564"><time>2026-09-14T05:42:21.901Z</time></trkpt><trkpt lat="37.76745678" lon="-122.48527653"><time>2026-09-14T05:42:22.901Z</time></trkpt><trkpt lat="37.76745150" lon="-122.48530742"><time>2026-09-14T05:42:23.901Z</time></trkpt><trkpt lat="37.76744622" lon="-122.48533831"><time>2026-09-14T05:42:24.901Z</time></trkpt><trkpt lat="37.76744094" lon="-122.48536919"><time>2026-09-14T05:42:25.901Z</time></trkpt><trkpt lat="37.76743565" lon="-122.48540008"><time>2026-09-14T05:42:26.901Z</time></trkpt><trkpt lat="37.76743037" lon="-122.48543097"><time>2026-09-14T05:42:27.901Z</time></trkpt><trkpt lat="37.76742509" lon="-122.48546186"><time>2026-09-14T05:42:28.901Z</time></trkpt><trkpt lat="37.76741981" lon="-122.48549274"><time>2026-09-14T05:42:29.901Z</time></trkpt><trkpt lat="37.76741453" lon="-122.48552363"><time>2026-09-14T05:42:30.901Z</time></trkpt><trkpt lat="37.76740925" lon="-122.48555452"><time>2026-09-14T05:42:31.901Z</time></trkpt><trkpt lat="37.76740397" lon="-122.48558541"><time>2026-09-14T05:42:32.901Z</time></trkpt><trkpt lat="37.76739869" lon="-122.48561629"><time>2026-09-14T05:42:33.901Z</time></trkpt><trkpt lat="37.76739341" lon="-122.48564718"><time>2026-09-14T05:42:34.901Z</time></trkpt><trkpt lat="37.76738813" lon="-122.48567807"><time>2026-09-14T05:42:35.901Z</time></trkpt><trkpt lat="37.76738285" lon="-122.48570895"><time>2026-09-14T05:42:36.901Z</time></trkpt><trkpt lat="37.76737757" lon="-122.48573984"><time>2026-09-14T05:42:37.901Z</time></trkpt><trkpt lat="37.76737229" lon="-122.48577073"><time>2026-09-14T05:42:38.901Z</time></trkpt><trkpt lat="37.76736701" lon="-122.48580162"><time>2026-09-14T05:42:39.901Z</time></trkpt><trkpt lat="37.76736173" lon="-122.48583250"><time>2026-09-14T05:42:40.901Z</time></trkpt><trkpt lat="37.76735645" lon="-122.48586339"><time>2026-09-14T05:42:41.901Z</time></trkpt><trkpt lat="37.76735117" lon="-122.48589428"><time>2026-09-14T05:42:42.901Z</time></trkpt><trkpt lat="37.76734589" lon="-122.48592517"><time>2026-09-14T05:42:43.901Z</time></trkpt><trkpt lat="37.76734061" lon="-122.48595605"><time>2026-09-14T05:42:44.901Z</time></trkpt><trkpt lat="37.76733533" lon="-122.48598694"><time>2026-09-14T05:42:45.901Z</time></trkpt><trkpt lat="37.76733005" lon="-122.48601783"><time>2026-09-14T05:42:46.901Z</time></trkpt><trkpt lat="37.76732477" lon="-122.48604872"><time>2026-09-14T05:42:47.901Z</time></trkpt><trkpt lat="37.76731948" lon="-122.48607960"><time>2026-09-14T05:42:48.901Z</time></trkpt><trkpt lat="37.76731420" lon="-122.48611049"><time>2026-09-14T05:42:49.901Z</time></trkpt><trkpt lat="37.76730892" lon="-122.48614138"><time>2026-09-14T05:42:50.901Z</time></trkpt><trkpt lat="37.76730364" lon="-122.48617227"><time>2026-09-14T05:42:51.901Z</time></trkpt><trkpt lat="37.76729836" lon="-122.48620315"><time>2026-09-14T05:42:52.901Z</time></trkpt><trkpt lat="37.76729308" lon="-122.48623404"><time>2026-09-14T05:42:53.901Z</time></trkpt><trkpt lat="37.76728780" lon="-122.48626493"><time>2026-09-14T05:42:54.901Z</time></trkpt><trkpt lat="37.76728252" lon="-122.48629582"><time>2026-09-14T05:42:55.901Z</time></trkpt><trkpt lat="37.76727724" lon="-122.48632670"><time>2026-09-14T05:42:56.901Z</time></trkpt><trkpt lat="37.76727196" lon="-122.48635759"><time>2026-09-14T05:42:57.901Z</time></trkpt><trkpt lat="37.76726668" lon="-122.48638848"><time>2026-09-14T05:42:58.901Z</time></trkpt><trkpt lat="37.76726140" lon="-122.48641937"><time>2026-09-14T05:42:59.901Z</time></trkpt><trkpt lat="37.76725612" lon="-122.48645025"><time>2026-09-14T05:43:00.901Z</time></trkpt><trkpt lat="37.76725084" lon="-122.48648114"><time>2026-09-14T05:43:01.901Z</time></trkpt><trkpt lat="37.76724556" lon="-122.48651203"><time>2026-09-14T05:43:02.901Z</time></trkpt><trkpt lat="37.76724028" lon="-122.48654291"><time>2026-09-14T05:43:03.901Z</time></trkpt><trkpt lat="37.76723499" lon="-122.48657380"><time>2026-09-14T05:43:04.901Z</time></trkpt><trkpt lat="37.76722971" lon="-122.48660469"><time>2026-09-14T05:43:05.901Z</time></trkpt><trkpt lat="37.76722443" lon="-122.48663558"><time>2026-09-14T05:43:06.901Z</time></trkpt><trkpt lat="37.76721915" lon="-122.48666646"><time>2026-09-14T05:43:07.901Z</time></trkpt><trkpt lat="37.76721387" lon="-122.48669735"><time>2026-09-14T05:43:08.901Z</time></trkpt><trkpt lat="37.76721000" lon="-122.48672000"><time>2026-09-14T05:43:09.634Z</time></trkpt><trkpt lat="37.76721400" lon="-122.48672674"><time>2026-09-14T05:43:09.901Z</time></trkpt><trkpt lat="37.76722898" lon="-122.48675203"><time>2026-09-14T05:43:10.901Z</time></trkpt><trkpt lat="37.76724397" lon="-122.48677731"><time>2026-09-14T05:43:11.901Z</time></trkpt><trkpt lat="37.76725895" lon="-122.48680260"><time>2026-09-14T05:43:12.901Z</time></trkpt><trkpt lat="37.76727394" lon="-122.48682788"><time>2026-09-14T05:43:13.901Z</time></trkpt><trkpt lat="37.76728892" lon="-122.48685317"><time>2026-09-14T05:43:14.901Z</time></trkpt><trkpt lat="37.76730390" lon="-122.48687845"><time>2026-09-14T05:43:15.901Z</time></trkpt><trkpt lat="37.76731889" lon="-122.48690374"><time>2026-09-14T05:43:16.901Z</time></trkpt><trkpt lat="37.76733387" lon="-122.48692903"><time>2026-09-14T05:43:17.901Z</time></trkpt><trkpt lat="37.76734886" lon="-122.48695431"><time>2026-09-14T05:43:18.901Z</time></trkpt><trkpt lat="37.76736384" lon="-122.48697960"><time>2026-09-14T05:43:19.901Z</time></trkpt><trkpt lat="37.76737883" lon="-122.48700488"><time>2026-09-14T05:43:20.901Z</time></trkpt><trkpt lat="37.76739381" lon="-122.48703017"><time>2026-09-14T05:43:21.901Z</time></trkpt><trkpt lat="37.76740880" lon="-122.48705545"><time>2026-09-14T05:43:22.901Z</time></trkpt><trkpt lat="37.76742378" lon="-122.48708074"><time>2026-09-14T05:43:23.901Z</time></trkpt><trkpt lat="37.76743877" lon="-122.48710602"><time>2026-09-14T05:43:24.901Z</time></trkpt><trkpt lat="37.76745375" lon="-122.48713131"><time>2026-09-14T05:43:25.901Z</time></trkpt><trkpt lat="37.76746873" lon="-122.48715659"><time>2026-09-14T05:43:26.901Z</time></trkpt><trkpt lat="37.76748372" lon="-122.48718188"><time>2026-09-14T05:43:27.901Z</time></trkpt><trkpt lat="37.76749870" lon="-122.48720716"><time>2026-09-14T05:43:28.901Z</time></trkpt><trkpt lat="37.76751369" lon="-122.48723245"><time>2026-09-14T05:43:29.901Z</time></trkpt><trkpt lat="37.76752867" lon="-122.48725773"><time>2026-09-14T05:43:30.901Z</time></trkpt><trkpt lat="37.76754366" lon="-122.48728302"><time>2026-09-14T05:43:31.901Z</time></trkpt><trkpt lat="37.76755864" lon="-122.48730830"><time>2026-09-14T05:43:32.901Z</time></trkpt><trkpt lat="37.76757363" lon="-122.48733359"><time>2026-09-14T05:43:33.901Z</time></trkpt><trkpt lat="37.76758861" lon="-122.48735887"><time>2026-09-14T05:43:34.901Z</time></trkpt><trkpt lat="37.76760359" lon="-122.48738416"><time>2026-09-14T05:43:35.901Z</time></trkpt><trkpt lat="37.76761858" lon="-122.48740944"><time>2026-09-14T05:43:36.901Z</time></trkpt><trkpt lat="37.76763356" lon="-122.48743473"><time>2026-09-14T05:43:37.901Z</time></trkpt><trkpt lat="37.76764855" lon="-122.48746001"><time>2026-09-14T05:43:38.901Z</time></trkpt><trkpt lat="37.76766353" lon="-122.48748530"><time>2026-09-14T05:43:39.901Z</time></trkpt><trkpt lat="37.76767852" lon="-122.48751059"><time>2026-09-14T05:43:40.901Z</time></trkpt><trkpt lat="37.76769350" lon="-122.48753587"><time>2026-09-14T05:43:41.901Z</time></trkpt><trkpt lat="37.76770849" lon="-122.48756116"><time>2026-09-14T05:43:42.901Z</time></trkpt><trkpt lat="37.76772347" lon="-122.48758644"><time>2026-09-14T05:43:43.901Z</time></trkpt><trkpt lat="37.76773845" lon="-122.48761173"><time>2026-09-14T05:43:44.901Z</time></trkpt><trkpt lat="37.76775344" lon="-122.48763701"><time>2026-09-14T05:43:45.901Z</time></trkpt><trkpt lat="37.76776842" lon="-122.48766230"><time>2026-09-14T05:43:46.901Z</time></trkpt><trkpt lat="37.76778341" lon="-122.48768758"><time>2026-09-14T05:43:47.901Z</time></trkpt><trkpt lat="37.76779839" lon="-122.48771287"><time>2026-09-14T05:43:48.901Z</time></trkpt><trkpt lat="37.76781338" lon="-122.48773815"><time>2026-09-14T05:43:49.901Z</time></trkpt><trkpt lat="37.76782836" lon="-122.48776344"><time>2026-09-14T05:43:50.901Z</time></trkpt><trkpt lat="37.76784334" lon="-122.48778873"><time>2026-09-14T05:43:51.901Z</time></trkpt><trkpt lat="37.76785833" lon="-122.48781401"><time>2026-09-14T05:43:52.901Z</time></trkpt><trkpt lat="37.76787331" lon="-122.48783930"><time>2026-09-14T05:43:53.901Z</time></trkpt><trkpt lat="37.76788830" lon="-122.48786458"><time>2026-09-14T05:43:54.901Z</time></trkpt><trkpt lat="37.76790328" lon="-122.48788987"><time>2026-09-14T05:43:55.901Z</time></trkpt><trkpt lat="37.76791827" lon="-122.48791515"><time>2026-09-14T05:43:56.901Z</time></trkpt><trkpt lat="37.76793325" lon="-122.48794044"><time>2026-09-14T05:43:57.901Z</time></trkpt><trkpt lat="37.76794824" lon="-122.48796572"><time>2026-09-14T05:43:58.901Z</time></trkpt><trkpt lat="37.76796322" lon="-122.48799101"><time>2026-09-14T05:43:59.901Z</time></trkpt><trkpt lat="37.76797820" lon="-122.48801629"><time>2026-09-14T05:44:00.901Z</time></trkpt><trkpt lat="37.76799319" lon="-122.48804158"><time>2026-09-14T05:44:01.901Z</time></trkpt><trkpt lat="37.76800817" lon="-122.48806687"><time>2026-09-14T05:44:02.901Z</time></trkpt><trkpt lat="37.76802316" lon="-122.48809215"><time>2026-09-14T05:44:03.901Z</time></trkpt><trkpt lat="37.76803814" lon="-122.48811744"><time>2026-09-14T05:44:04.901Z</time></trkpt><trkpt lat="37.76805313" lon="-122.48814272"><time>2026-09-14T05:44:05.901Z</time></trkpt><trkpt lat="37.76806811" lon="-122.48816801"><time>2026-09-14T05:44:06.901Z</time></trkpt><trkpt lat="37.76808309" lon="-122.48819329"><time>2026-09-14T05:44:07.901Z</time></trkpt><trkpt lat="37.76809808" lon="-122.48821858"><time>2026-09-14T05:44:08.901Z</time></trkpt><trkpt lat="37.76811306" lon="-122.48824387"><time>2026-09-14T05:44:09.901Z</time></trkpt><trkpt lat="37.76812805" lon="-122.48826915"><time>2026-09-14T05:44:10.901Z</time></trkpt><trkpt lat="37.76814303" lon="-122.48829444"><time>2026-09-14T05:44:11.901Z</time></trkpt><trkpt lat="37.76815801" lon="-122.48831972"><time>2026-09-14T05:44:12.901Z</time></trkpt><trkpt lat="37.76817300" lon="-122.48834501"><time>2026-09-14T05:44:13.901Z</time></trkpt><trkpt lat="37.76818798" lon="-122.48837029"><time>2026-09-14T05:44:14.901Z</time></trkpt><trkpt lat="37.76820297" lon="-122.48839558"><time>2026-09-14T05:44:15.901Z</time></trkpt><trkpt lat="37.76821795" lon="-122.48842087"><time>2026-09-14T05:44:16.901Z</time></trkpt><trkpt lat="37.76823294" lon="-122.48844615"><time>2026-09-14T05:44:17.901Z</time></trkpt><trkpt lat="37.76824792" lon="-122.48847144"><time>2026-09-14T05:44:18.901Z</time></trkpt><trkpt lat="37.76826290" lon="-122.48849672"><time>2026-09-14T05:44:19.901Z</time></trkpt><trkpt lat="37.76827789" lon="-122.48852201"><time>2026-09-14T05:44:20.901Z</time></trkpt><trkpt lat="37.76829287" lon="-122.48854729"><time>2026-09-14T05:44:21.901Z</time></trkpt><trkpt lat="37.76830786" lon="-122.48857258"><time>2026-09-14T05:44:22.901Z</time></trkpt><trkpt lat="37.76832284" lon="-122.48859787"><time>2026-09-14T05:44:23.901Z</time></trkpt><trkpt lat="37.76833783" lon="-122.48862315"><time>2026-09-14T05:44:24.901Z</time></trkpt><trkpt lat="37.76835281" lon="-122.48864844"><time>2026-09-14T05:44:25.901Z</time></trkpt><trkpt lat="37.76836779" lon="-122.48867372"><time>2026-09-14T05:44:26.901Z</time></trkpt><trkpt lat="37.76838278" lon="-122.48869901"><time>2026-09-14T05:44:27.901Z</time></trkpt><trkpt lat="37.76839776" lon="-122.48872429"><time>2026-09-14T05:44:28.901Z</time></trkpt><trkpt lat="37.76841275" lon="-122.48874958"><time>2026-09-14T05:44:29.901Z</time></trkpt><trkpt lat="37.76842773" lon="-122.48877487"><time>2026-09-14T05:44:30.901Z</time></trkpt><trkpt lat="37.76844271" lon="-122.48880015"><time>2026-09-14T05:44:31.901Z</time></trkpt><trkpt lat="37.76845770" lon="-122.48882544"><time>2026-09-14T05:44:32.901Z</time></trkpt><trkpt lat="37.76847268" lon="-122.48885072"><time>2026-09-14T05:44:33.901Z</time></trkpt><trkpt lat="37.76848767" lon="-122.48887601"><time>2026-09-14T05:44:34.901Z</time></trkpt><trkpt lat="37.76850265" lon="-122.48890130"><time>2026-09-14T05:44:35.901Z</time></trkpt><trkpt lat="37.76851764" lon="-122.48892658"><time>2026-09-14T05:44:36.901Z</time></trkpt><trkpt lat="37.76853262" lon="-122.48895187"><time>2026-09-14T05:44:37.901Z</time></trkpt><trkpt lat="37.76854760" lon="-122.48897715"><time>2026-09-14T05:44:38.901Z</time></trkpt><trkpt lat="37.76856259" lon="-122.48900244"><time>2026-09-14T05:44:39.901Z</time></trkpt><trkpt lat="37.76857757" lon="-122.48902773"><time>2026-09-14T05:44:40.901Z</time></trkpt><trkpt lat="37.76859256" lon="-122.48905301"><time>2026-09-14T05:44:41.901Z</time></trkpt><trkpt lat="37.76860754" lon="-122.48907830"><time>2026-09-14T05:44:42.901Z</time></trkpt><trkpt lat="37.76862252" lon="-122.48910358"><time>2026-09-14T05:44:43.901Z</time></trkpt><trkpt lat="37.76863751" lon="-122.48912887"><time>2026-09-14T05:44:44.901Z</time></trkpt><trkpt lat="37.76865249" lon="-122.48915416"><time>2026-09-14T05:44:45.901Z</time></trkpt><trkpt lat="37.76866748" lon="-122.48917944"><time>2026-09-14T05:44:46.901Z</time></trkpt><trkpt lat="37.76868246" lon="-122.48920473"><time>2026-09-14T05:44:47.901Z</time></trkpt><trkpt lat="37.76869744" lon="-122.48923001"><time>2026-09-14T05:44:48.901Z</time></trkpt><trkpt lat="37.76871243" lon="-122.48925530"><time>2026-09-14T05:44:49.901Z</time></trkpt><trkpt lat="37.76872741" lon="-122.48928059"><time>2026-09-14T05:44:50.901Z</time></trkpt><trkpt lat="37.76874240" lon="-122.48930587"><time>2026-09-14T05:44:51.901Z</time></trkpt><trkpt lat="37.76875738" lon="-122.48933116"><time>2026-09-14T05:44:52.901Z</time></trkpt><trkpt lat="37.76877236" lon="-122.48935644"><time>2026-09-14T05:44:53.901Z</time></trkpt><trkpt lat="37.76878735" lon="-122.48938173"><time>2026-09-14T05:44:54.901Z</time></trkpt><trkpt lat="37.76880233" lon="-122.48940702"><time>2026-09-14T05:44:55.901Z</time></trkpt><trkpt lat="37.76881732" lon="-122.48943230"><time>2026-09-14T05:44:56.901Z</time></trkpt><trkpt lat="37.76883230" lon="-122.48945759"><time>2026-09-14T05:44:57.901Z</time></trkpt><trkpt lat="37.76884728" lon="-122.48948287"><time>2026-09-14T05:44:58.901Z</time></trkpt><trkpt lat="37.76886227" lon="-122.48950816"><time>2026-09-14T05:44:59.901Z</time></trkpt><trkpt lat="37.76887725" lon="-122.48953345"><time>2026-09-14T05:45:00.901Z</time></trkpt><trkpt lat="37.76889224" lon="-122.48955873"><time>2026-09-14T05:45:01.901Z</time></trkpt><trkpt lat="37.76890722" lon="-122.48958402"><time>2026-09-14T05:45:02.901Z</time></trkpt><trkpt lat="37.76892220" lon="-122.48960931"><time>2026-09-14T05:45:03.901Z</time></trkpt><trkpt lat="37.76893719" lon="-122.48963459"><time>2026-09-14T05:45:04.901Z</time></trkpt><trkpt lat="37.76895217" lon="-122.48965988"><time>2026-09-14T05:45:05.901Z</time></trkpt><trkpt lat="37.76896716" lon="-122.48968516"><time>2026-09-14T05:45:06.901Z</time></trkpt><trkpt lat="37.76898214" lon="-122.48971045"><time>2026-09-14T05:45:07.901Z</time></trkpt><trkpt lat="37.76899712" lon="-122.48973574"><time>2026-09-14T05:45:08.901Z</time></trkpt><trkpt lat="37.76901211" lon="-122.48976102"><time>2026-09-14T05:45:09.901Z</time></trkpt><trkpt lat="37.76902709" lon="-122.48978631"><time>2026-09-14T05:45:10.901Z</time></trkpt><trkpt lat="37.76904208" lon="-122.48981160"><time>2026-09-14T05:45:11.901Z</time></trkpt><trkpt lat="37.76905706" lon="-122.48983688"><time>2026-09-14T05:45:12.901Z</time></trkpt><trkpt lat="37.76907204" lon="-122.48986217"><time>2026-09-14T05:45:13.901Z</time></trkpt><trkpt lat="37.76908703" lon="-122.48988745"><time>2026-09-14T05:45:14.901Z</time></trkpt><trkpt lat="37.76910201" lon="-122.48991274"><time>2026-09-14T05:45:15.901Z</time></trkpt><trkpt lat="37.76911700" lon="-122.48993803"><time>2026-09-14T05:45:16.901Z</time></trkpt><trkpt lat="37.76913198" lon="-122.48996331"><time>2026-09-14T05:45:17.901Z</time></trkpt><trkpt lat="37.76914696" lon="-122.48998860"><time>2026-09-14T05:45:18.901Z</time></trkpt><trkpt lat="37.76916195" lon="-122.49001389"><time>2026-09-14T05:45:19.901Z</time></trkpt><trkpt lat="37.76917693" lon="-122.49003917"><time>2026-09-14T05:45:20.901Z</time></trkpt><trkpt lat="37.76919191" lon="-122.49006446"><time>2026-09-14T05:45:21.901Z</time></trkpt><trkpt lat="37.76920690" lon="-122.49008975"><time>2026-09-14T05:45:22.901Z</time></trkpt><trkpt lat="37.76922188" lon="-122.49011503"><time>2026-09-14T05:45:23.901Z</time></trkpt><trkpt lat="37.76923687" lon="-122.49014032"><time>2026-09-14T05:45:24.901Z</time></trkpt><trkpt lat="37.76925185" lon="-122.49016560"><time>2026-09-14T05:45:25.901Z</time></trkpt><trkpt lat="37.76926683" lon="-122.49019089"><time>2026-09-14T05:45:26.901Z</time></trkpt><trkpt lat="37.76928182" lon="-122.49021618"><time>2026-09-14T05:45:27.901Z</time></trkpt><trkpt lat="37.76929680" lon="-122.49024146"><time>2026-09-14T05:45:28.901Z</time></trkpt><trkpt lat="37.76931179" lon="-122.49026675"><time>2026-09-14T05:45:29.901Z</time></trkpt><trkpt lat="37.76932677" lon="-122.49029204"><time>2026-09-14T05:45:30.901Z</time></trkpt><trkpt lat="37.76934175" lon="-122.49031732"><time>2026-09-14T05:45:31.901Z</time></trkpt><trkpt lat="37.76935674" lon="-122.49034261"><time>2026-09-14T05:45:32.901Z</time></trkpt><trkpt lat="37.76937172" lon="-122.49036790"><time>2026-09-14T05:45:33.901Z</time></trkpt><trkpt lat="37.76938670" lon="-122.49039318"><time>2026-09-14T05:45:34.901Z</time></trkpt><trkpt lat="37.76940169" lon="-122.49041847"><time>2026-09-14T05:45:35.901Z</time></trkpt><trkpt lat="37.76941667" lon="-122.49044376"><time>2026-09-14T05:45:36.901Z</time></trkpt><trkpt lat="37.76943166" lon="-122.49046904"><time>2026-09-14T05:45:37.901Z</time></trkpt><trkpt lat="37.76944664" lon="-122.49049433"><time>2026-09-14T05:45:38.901Z</time></trkpt><trkpt lat="37.76945000" lon="-122.49050000"><time>2026-09-14T05:45:39.125Z</time></trkpt></trkseg></trk></gpx>